{
  "type": "FeatureCollection",
  "generator": "overpass-turbo",
  "copyright": "The data included in this document is from www.openstreetmap.org. The data is made available under ODbL.",
  "timestamp": "2026-09-06T09:22:35Z",
  "features": [
    {
      "type": "Feature",
      "properties": {
        "@id": "relation/10986713",
        "addr:city": "Halabja",
        "name": "Goran City",
        "place": "neighbourhood",
        "type": "multipolygon",
        "@geometry": "center"
      },
      "geometry": {
        "type": "Point",
        "coordinates": [
          46.0169218,
          35.1828756
        ]
      },
      "id": "relation/10986713"
    },
    {
      "type": "Feature",
      "properties": {
        "@id": "way/46838349",
        "highway": "primary",
        "name": "رێگای سەیدسادق-خورمال-هەلەبجە",
        "name:ckb": "رێگای سەیدسادق-خورمال-هەلەبجە",
        "name:en": "Saidsadq-Khurmal-Halabja Road",
        "ref": "43",
        "source": "GPS",
        "surface": "asphalt",
        "@geometry": "center"
      },
      "geometry": {
        "type": "Point",
        "coordinates": [
          45.9620078,
          35.321817
        ]
      },
      "id": "way/46838349"
    },
    {
      "type": "Feature",
      "properties": {
        "@id": "way/46840924",
        "highway": "primary",
        "name": "رێگای خورمال-ئەحمەداوە-بیارە",
        "name:ckb": "رێگای خورمال-ئەحمەداوە-بیارە",
        "name:en": "Khurmal-Ahmadawa-Byara Road",
        "ref": "43",
        "source": "GPS",
        "surface": "asphalt",
        "@geometry": "center"
      },
      "geometry": {
        "type": "Point",
        "coordinates": [
          46.0002042,
          35.3022483
        ]
      },
      "id": "way/46840924"
    },
    {
      "type": "Feature",
      "properties": {
        "@id": "way/46841091",
        "highway": "secondary",
        "name": "شەقامی قانع",
        "name:en": "Qanie Street",
        "oneway": "yes",
        "source": "GPS",
        "@geometry": "center"
      },
      "geometry": {
        "type": "Point",
        "coordinates": [
          45.9940638,
          35.1811293
        ]
      },
      "id": "way/46841091"
    },
    {
      "type": "Feature",
      "properties": {
        "@id": "way/217500089",
        "highway": "primary",
        "name": "شەقامی هەورامان",
        "oneway": "yes",
        "ref": "43",
        "surface": "asphalt",
        "@geometry": "center"
      },
      "geometry": {
        "type": "Point",
        "coordinates": [
          46.0328114,
          35.2996566
        ]
      },
      "id": "way/217500089"
    },
    {
      "type": "Feature",
      "properties": {
        "@id": "way/217500090",
        "highway": "primary",
        "ref": "43",
        "surface": "asphalt",
        "@geometry": "center"
      },
      "geometry": {
        "type": "Point",
        "coordinates": [
          46.1851723,
          35.1991119
        ]
      },
      "id": "way/217500090"
    },
    {
      "type": "Feature",
      "properties": {
        "@id": "way/217500092",
        "highway": "secondary",
        "name": "رێگای خورمال-ئەحمەداوە",
        "name:ckb": "رێگای خورمال-ئەحمەداوە",
        "name:en": "Khurmal-Ahmadawa Road",
        "oneway": "yes",
        "surface": "asphalt",
        "@geometry": "center"
      },
      "geometry": {
        "type": "Point",
        "coordinates": [
          46.0507677,
          35.2969831
        ]
      },
      "id": "way/217500092"
    },
    {
      "type": "Feature",
      "properties": {
        "@id": "way/225695033",
        "highway": "secondary",
        "oneway": "yes",
        "@geometry": "center"
      },
      "geometry": {
        "type": "Point",
        "coordinates": [
          45.9839889,
          35.1778724
        ]
      },
      "id": "way/225695033"
    },
    {
      "type": "Feature",
      "properties": {
        "@id": "way/225695586",
        "highway": "secondary",
        "oneway": "yes",
        "@geometry": "center"
      },
      "geometry": {
        "type": "Point",
        "coordinates": [
          45.9884085,
          35.1779054
        ]
      },
      "id": "way/225695586"
    },
    {
      "type": "Feature",
      "properties": {
        "@id": "way/260127861",
        "highway": "trunk",
        "name": "رێگای سلێمانی-سەیدسادق-هەلەبجە",
        "name:ckb": "رێگای سلێمانی-سەیدسادق-هەلەبجە",
        "name:en": "Sulaimani-Saidsadq-Halabja Road",
        "oneway": "yes",
        "ref": "180",
        "source": "GPS",
        "surface": "asphalt",
        "@geometry": "center"
      },
      "geometry": {
        "type": "Point",
        "coordinates": [
          45.9533115,
          35.2393331
        ]
      },
      "id": "way/260127861"
    },
    {
      "type": "Feature",
      "properties": {
        "@id": "way/260127862",
        "highway": "secondary",
        "name": "جادەی حەمەوغان",
        "oneway": "yes",
        "@geometry": "center"
      },
      "geometry": {
        "type": "Point",
        "coordinates": [
          45.9895021,
          35.1940474
        ]
      },
      "id": "way/260127862"
    },
    {
      "type": "Feature",
      "properties": {
        "@id": "way/260127863",
        "highway": "secondary",
        "oneway": "yes",
        "@geometry": "center"
      },
      "geometry": {
        "type": "Point",
        "coordinates": [
          45.973534,
          35.1925505
        ]
      },
      "id": "way/260127863"
    },
    {
      "type": "Feature",
      "properties": {
        "@id": "way/260127864",
        "highway": "secondary",
        "name": "جادەی بیاوێڵە",
        "@geometry": "center"
      },
      "geometry": {
        "type": "Point",
        "coordinates": [
          46.0088182,
          35.203728
        ]
      },
      "id": "way/260127864"
    },
    {
      "type": "Feature",
      "properties": {
        "@id": "way/260127866",
        "highway": "secondary",
        "oneway": "yes",
        "source": "GPS",
        "@geometry": "center"
      },
      "geometry": {
        "type": "Point",
        "coordinates": [
          45.9731355,
          35.1933249
        ]
      },
      "id": "way/260127866"
    },
    {
      "type": "Feature",
      "properties": {
        "@id": "way/260127868",
        "highway": "secondary",
        "junction": "roundabout",
        "oneway": "yes",
        "@geometry": "center"
      },
      "geometry": {
        "type": "Point",
        "coordinates": [
          45.9751009,
          35.1932094
        ]
      },
      "id": "way/260127868"
    },
    {
      "type": "Feature",
      "properties": {
        "@id": "way/260127874",
        "highway": "secondary",
        "name": "جادەی حەمەوغان",
        "oneway": "yes",
        "@geometry": "center"
      },
      "geometry": {
        "type": "Point",
        "coordinates": [
          45.9893989,
          35.1938346
        ]
      },
      "id": "way/260127874"
    },
    {
      "type": "Feature",
      "properties": {
        "@id": "way/260127876",
        "highway": "trunk",
        "name": "رێگای سلێمانی-سەیدسادق-هەلەبجە",
        "name:ckb": "رێگای سلێمانی-سەیدسادق-هەلەبجە",
        "name:en": "Sulaimani-Saidsadq-Halabja Road",
        "oneway": "yes",
        "ref": "180",
        "source": "GPS",
        "surface": "asphalt",
        "@geometry": "center"
      },
      "geometry": {
        "type": "Point",
        "coordinates": [
          45.9765268,
          35.1860922
        ]
      },
      "id": "way/260127876"
    },
    {
      "type": "Feature",
      "properties": {
        "@id": "way/260127878",
        "highway": "primary",
        "oneway": "yes",
        "source": "GPS",
        "surface": "asphalt",
        "@geometry": "center"
      },
      "geometry": {
        "type": "Point",
        "coordinates": [
          45.963181,
          35.2948063
        ]
      },
      "id": "way/260127878"
    },
    {
      "type": "Feature",
      "properties": {
        "@id": "way/260130584",
        "highway": "secondary",
        "oneway": "no",
        "source": "GPS",
        "@geometry": "center"
      },
      "geometry": {
        "type": "Point",
        "coordinates": [
          45.9891207,
          35.1803264
        ]
      },
      "id": "way/260130584"
    },
    {
      "type": "Feature",
      "properties": {
        "@id": "way/260130586",
        "highway": "secondary",
        "name": "جادەی گوڵان",
        "name:ar": "طريق كولان",
        "name:ckb": "جادەی گوڵان",
        "name:en": "Gullan Road",
        "name:ku": "جادەی گوڵان",
        "name:sdh": "جادەی گوڵان",
        "source": "GPS",
        "@geometry": "center"
      },
      "geometry": {
        "type": "Point",
        "coordinates": [
          45.9787656,
          35.1779238
        ]
      },
      "id": "way/260130586"
    },
    {
      "type": "Feature",
      "properties": {
        "@id": "way/260130589",
        "landuse": "residential",
        "name": "خورماڵ",
        "residential": "urban",
        "wikidata": "Q14653839",
        "wikipedia": "ckb:خورماڵ",
        "@geometry": "center"
      },
      "geometry": {
        "type": "Point",
        "coordinates": [
          46.0377469,
          35.297246
        ]
      },
      "id": "way/260130589"
    },
    {
      "type": "Feature",
      "properties": {
        "@id": "way/260130602",
        "highway": "trunk",
        "oneway": "yes",
        "ref": "180",
        "surface": "asphalt",
        "@geometry": "center"
      },
      "geometry": {
        "type": "Point",
        "coordinates": [
          45.9810265,
          35.1808154
        ]
      },
      "id": "way/260130602"
    },
    {
      "type": "Feature",
      "properties": {
        "@id": "way/260130604",
        "highway": "trunk",
        "name": "رێگای سلێمانی-سەیدسادق-هەلەبجە",
        "name:ckb": "رێگای سلێمانی-سەیدسادق-هەلەبجە",
        "name:en": "Sulaimani-Saidsadq-Halabja Road",
        "oneway": "yes",
        "ref": "180",
        "source": "GPS",
        "surface": "asphalt",
        "@geometry": "center"
      },
      "geometry": {
        "type": "Point",
        "coordinates": [
          45.978725,
          35.1835411
        ]
      },
      "id": "way/260130604"
    },
    {
      "type": "Feature",
      "properties": {
        "@id": "way/263960352",
        "landuse": "residential",
        "name": "سیروان",
        "residential": "urban",
        "@geometry": "center"
      },
      "geometry": {
        "type": "Point",
        "coordinates": [
          45.940415,
          35.2533319
        ]
      },
      "id": "way/263960352"
    },
    {
      "type": "Feature",
      "properties": {
        "@id": "way/277183036",
        "highway": "secondary",
        "surface": "asphalt",
        "@geometry": "center"
      },
      "geometry": {
        "type": "Point",
        "coordinates": [
          46.0769504,
          35.2968014
        ]
      },
      "id": "way/277183036"
    },
    {
      "type": "Feature",
      "properties": {
        "@id": "way/277183042",
        "highway": "secondary",
        "name": "رێگای ئەحمەداوە-زەڵم",
        "name:ckb": "رێگای ئەحمەداوە-زەڵم",
        "name:en": "Ahmadawa-Zalm Road",
        "surface": "asphalt",
        "@geometry": "center"
      },
      "geometry": {
        "type": "Point",
        "coordinates": [
          46.064704,
          35.2996979
        ]
      },
      "id": "way/277183042"
    },
    {
      "type": "Feature",
      "properties": {
        "@id": "way/277183783",
        "highway": "primary",
        "name": "شەقامی هەورامان",
        "oneway": "yes",
        "ref": "43",
        "source": "GPS",
        "surface": "asphalt",
        "@geometry": "center"
      },
      "geometry": {
        "type": "Point",
        "coordinates": [
          46.0344484,
          35.2960557
        ]
      },
      "id": "way/277183783"
    },
    {
      "type": "Feature",
      "properties": {
        "@id": "way/277183785",
        "highway": "primary",
        "name": "شەقامی هەورامان",
        "oneway": "yes",
        "ref": "43",
        "surface": "asphalt",
        "@geometry": "center"
      },
      "geometry": {
        "type": "Point",
        "coordinates": [
          46.0391018,
          35.2946322
        ]
      },
      "id": "way/277183785"
    },
    {
      "type": "Feature",
      "properties": {
        "@id": "way/278531402",
        "landuse": "residential",
        "name": "جەلیلە",
        "residential": "rural",
        "@geometry": "center"
      },
      "geometry": {
        "type": "Point",
        "coordinates": [
          46.0241123,
          35.185653
        ]
      },
      "id": "way/278531402"
    },
    {
      "type": "Feature",
      "properties": {
        "@id": "way/278531406",
        "highway": "secondary",
        "oneway": "yes",
        "source": "GPS",
        "@geometry": "center"
      },
      "geometry": {
        "type": "Point",
        "coordinates": [
          45.9972358,
          35.1881576
        ]
      },
      "id": "way/278531406"
    },
    {
      "type": "Feature",
      "properties": {
        "@id": "way/278531408",
        "highway": "secondary",
        "oneway": "yes",
        "@geometry": "center"
      },
      "geometry": {
        "type": "Point",
        "coordinates": [
          45.9972358,
          35.1881576
        ]
      },
      "id": "way/278531408"
    },
    {
      "type": "Feature",
      "properties": {
        "@id": "way/309731032",
        "landuse": "residential",
        "name": "بانیشار",
        "residential": "rural",
        "source": "Bing",
        "wikidata": "Q14654169",
        "wikipedia": "ckb:بانی شار",
        "@geometry": "center"
      },
      "geometry": {
        "type": "Point",
        "coordinates": [
          46.0187323,
          35.3320535
        ]
      },
      "id": "way/309731032"
    },
    {
      "type": "Feature",
      "properties": {
        "@id": "way/309731036",
        "landuse": "residential",
        "source": "Bing",
        "@geometry": "center"
      },
      "geometry": {
        "type": "Point",
        "coordinates": [
          45.9869167,
          35.3073667
        ]
      },
      "id": "way/309731036"
    },
    {
      "type": "Feature",
      "properties": {
        "@id": "way/309731038",
        "landuse": "residential",
        "name": "دێکۆن",
        "residential": "rural",
        "source": "Bing",
        "wikidata": "Q5252829",
        "wikipedia": "ckb:دێکۆن، خورماڵ",
        "@geometry": "center"
      },
      "geometry": {
        "type": "Point",
        "coordinates": [
          46.0353073,
          35.2771627
        ]
      },
      "id": "way/309731038"
    },
    {
      "type": "Feature",
      "properties": {
        "@id": "way/309731039",
        "landuse": "residential",
        "name": "زەردەھاڵ",
        "residential": "rural",
        "source": "https://ckb.wikipedia.org/wiki/%D8%B2%DB%95%D8%B1%D8%AF%DB%95%DA%BE%D8%A7%DA%B5",
        "wikidata": "Q5987449",
        "wikipedia": "ckb:زەردەھاڵ",
        "@geometry": "center"
      },
      "geometry": {
        "type": "Point",
        "coordinates": [
          46.0751169,
          35.2332313
        ]
      },
      "id": "way/309731039"
    },
    {
      "type": "Feature",
      "properties": {
        "@id": "way/309731042",
        "landuse": "residential",
        "name": "خاک و خۆڵ",
        "residential": "rural",
        "source": "Bing",
        "wikidata": "Q61380452",
        "wikipedia": "ckb:خاک و خۆڵ، ھەڵەبجە",
        "@geometry": "center"
      },
      "geometry": {
        "type": "Point",
        "coordinates": [
          45.9554462,
          35.2765011
        ]
      },
      "id": "way/309731042"
    },
    {
      "type": "Feature",
      "properties": {
        "@id": "way/309731043",
        "landuse": "residential",
        "name": "تەپەگوڵاوی",
        "residential": "rural",
        "source": "Bing",
        "wikidata": "Q61380361",
        "wikipedia": "ckb:تەپەگوڵاوی",
        "@geometry": "center"
      },
      "geometry": {
        "type": "Point",
        "coordinates": [
          45.9434017,
          35.2814004
        ]
      },
      "id": "way/309731043"
    },
    {
      "type": "Feature",
      "properties": {
        "@id": "way/309731045",
        "landuse": "residential",
        "name": "تەپە تۆڵەکە",
        "residential": "rural",
        "source": "Bing",
        "wikidata": "Q61380354",
        "wikipedia": "ckb:تەپەتۆڵەکە",
        "@geometry": "center"
      },
      "geometry": {
        "type": "Point",
        "coordinates": [
          45.9553289,
          35.2939135
        ]
      },
      "id": "way/309731045"
    },
    {
      "type": "Feature",
      "properties": {
        "@id": "way/309731047",
        "landuse": "residential",
        "name": "تەپی سەفای سەروو",
        "residential": "rural",
        "source": "Bing",
        "wikidata": "Q61380830",
        "wikipedia": "ckb:تەپی سەفای سەروو",
        "@geometry": "center"
      },
      "geometry": {
        "type": "Point",
        "coordinates": [
          45.9843386,
          35.282213
        ]
      },
      "id": "way/309731047"
    },
    {
      "type": "Feature",
      "properties": {
        "@id": "way/309731049",
        "landuse": "residential",
        "name": "بەشارەتی سەروو",
        "residential": "rural",
        "source": "Bing",
        "wikidata": "Q61380233",
        "wikipedia": "ckb:بەشارەتی سەروو",
        "@geometry": "center"
      },
      "geometry": {
        "type": "Point",
        "coordinates": [
          45.9752919,
          35.2654369
        ]
      },
      "id": "way/309731049"
    },
    {
      "type": "Feature",
      "properties": {
        "@id": "way/316904993",
        "landuse": "residential",
        "name": "نەوێ",
        "name:ar": "نوی",
        "name:ckb": "نەوێ",
        "name:en": "Nawe",
        "residential": "rural",
        "wikidata": "Q61381053",
        "wikipedia": "ckb:نەوێ",
        "@geometry": "center"
      },
      "geometry": {
        "type": "Point",
        "coordinates": [
          45.9645365,
          35.4129679
        ]
      },
      "id": "way/316904993"
    },
    {
      "type": "Feature",
      "properties": {
        "@id": "way/321601674",
        "landuse": "residential",
        "@geometry": "center"
      },
      "geometry": {
        "type": "Point",
        "coordinates": [
          45.9734062,
          35.33789
        ]
      },
      "id": "way/321601674"
    },
    {
      "type": "Feature",
      "properties": {
        "@id": "way/321601678",
        "landuse": "residential",
        "@geometry": "center"
      },
      "geometry": {
        "type": "Point",
        "coordinates": [
          45.9863328,
          35.3006995
        ]
      },
      "id": "way/321601678"
    },
    {
      "type": "Feature",
      "properties": {
        "@id": "way/321601679",
        "landuse": "residential",
        "name": "تەکیە",
        "residential": "rural",
        "wikidata": "Q61380829",
        "wikipedia": "ckb:تەکیە، خورماڵ",
        "@geometry": "center"
      },
      "geometry": {
        "type": "Point",
        "coordinates": [
          46.0145677,
          35.3062611
        ]
      },
      "id": "way/321601679"
    },
    {
      "type": "Feature",
      "properties": {
        "@id": "way/321603697",
        "landuse": "residential",
        "@geometry": "center"
      },
      "geometry": {
        "type": "Point",
        "coordinates": [
          46.0052452,
          35.3541484
        ]
      },
      "id": "way/321603697"
    },
    {
      "type": "Feature",
      "properties": {
        "@id": "way/321603698",
        "landuse": "residential",
        "@geometry": "center"
      },
      "geometry": {
        "type": "Point",
        "coordinates": [
          46.0099345,
          35.3524647
        ]
      },
      "id": "way/321603698"
    },
    {
      "type": "Feature",
      "properties": {
        "@id": "way/321604036",
        "landuse": "residential",
        "name": "مەلا وەیسە",
        "residential": "rural",
        "wikidata": "Q61381028",
        "wikipedia": "ckb:مەلاوەیسە",
        "@geometry": "center"
      },
      "geometry": {
        "type": "Point",
        "coordinates": [
          45.965338,
          35.3470116
        ]
      },
      "id": "way/321604036"
    },
    {
      "type": "Feature",
      "properties": {
        "@id": "way/321604037",
        "landuse": "residential",
        "@geometry": "center"
      },
      "geometry": {
        "type": "Point",
        "coordinates": [
          45.9711698,
          35.3592926
        ]
      },
      "id": "way/321604037"
    },
    {
      "type": "Feature",
      "properties": {
        "@id": "way/321604038",
        "landuse": "residential",
        "name": "میرەسوور",
        "residential": "rural",
        "wikidata": "Q61381036",
        "wikipedia": "ckb:میری سوور",
        "@geometry": "center"
      },
      "geometry": {
        "type": "Point",
        "coordinates": [
          45.9977399,
          35.3709625
        ]
      },
      "id": "way/321604038"
    },
    {
      "type": "Feature",
      "properties": {
        "@id": "way/321629429",
        "landuse": "residential",
        "name": "زەمەقی خواروو",
        "residential": "rural",
        "wikidata": "Q61380497",
        "wikipedia": "ckb:زەمەقی خواروو",
        "@geometry": "center"
      },
      "geometry": {
        "type": "Point",
        "coordinates": [
          45.9691809,
          35.2233648
        ]
      },
      "id": "way/321629429"
    },
    {
      "type": "Feature",
      "properties": {
        "@id": "way/321650020",
        "highway": "secondary",
        "name": "Sarwarani 1",
        "oneway": "yes",
        "@geometry": "center"
      },
      "geometry": {
        "type": "Point",
        "coordinates": [
          45.9721777,
          35.1818135
        ]
      },
      "id": "way/321650020"
    },
    {
      "type": "Feature",
      "properties": {
        "@id": "way/321650021",
        "highway": "secondary",
        "oneway": "yes",
        "@geometry": "center"
      },
      "geometry": {
        "type": "Point",
        "coordinates": [
          45.9720228,
          35.1817716
        ]
      },
      "id": "way/321650021"
    },
    {
      "type": "Feature",
      "properties": {
        "@id": "way/321650023",
        "highway": "secondary",
        "oneway": "yes",
        "@geometry": "center"
      },
      "geometry": {
        "type": "Point",
        "coordinates": [
          45.9715846,
          35.1865515
        ]
      },
      "id": "way/321650023"
    },
    {
      "type": "Feature",
      "properties": {
        "@id": "way/321650024",
        "highway": "secondary",
        "oneway": "yes",
        "@geometry": "center"
      },
      "geometry": {
        "type": "Point",
        "coordinates": [
          45.9714972,
          35.1866611
        ]
      },
      "id": "way/321650024"
    },
    {
      "type": "Feature",
      "properties": {
        "@id": "way/321650077",
        "highway": "secondary_link",
        "@geometry": "center"
      },
      "geometry": {
        "type": "Point",
        "coordinates": [
          45.9710043,
          35.1838511
        ]
      },
      "id": "way/321650077"
    },
    {
      "type": "Feature",
      "properties": {
        "@id": "way/321650078",
        "highway": "secondary_link",
        "@geometry": "center"
      },
      "geometry": {
        "type": "Point",
        "coordinates": [
          45.9731082,
          35.1815827
        ]
      },
      "id": "way/321650078"
    },
    {
      "type": "Feature",
      "properties": {
        "@id": "way/321650079",
        "highway": "secondary_link",
        "@geometry": "center"
      },
      "geometry": {
        "type": "Point",
        "coordinates": [
          45.9722036,
          35.186698
        ]
      },
      "id": "way/321650079"
    },
    {
      "type": "Feature",
      "properties": {
        "@id": "way/321657078",
        "highway": "secondary",
        "name": "شەقامی قانع",
        "name:en": "Qanie Street",
        "oneway": "yes",
        "@geometry": "center"
      },
      "geometry": {
        "type": "Point",
        "coordinates": [
          45.9944847,
          35.1815316
        ]
      },
      "id": "way/321657078"
    },
    {
      "type": "Feature",
      "properties": {
        "@id": "way/321657081",
        "highway": "secondary",
        "name": "شەقامی حەسەن زیرەک",
        "name:en": "Hasan Zirak Str.",
        "oneway": "yes",
        "@geometry": "center"
      },
      "geometry": {
        "type": "Point",
        "coordinates": [
          45.9952971,
          35.1853077
        ]
      },
      "id": "way/321657081"
    },
    {
      "type": "Feature",
      "properties": {
        "@id": "way/321657082",
        "highway": "secondary",
        "name": "شەقامی حەسەن زیرەک",
        "name:en": "Hasan Zirak Str.",
        "oneway": "yes",
        "@geometry": "center"
      },
      "geometry": {
        "type": "Point",
        "coordinates": [
          45.99538,
          35.1853973
        ]
      },
      "id": "way/321657082"
    },
    {
      "type": "Feature",
      "properties": {
        "@id": "way/321659382",
        "highway": "secondary",
        "name": "شەقامی حەسەن زیرەک",
        "name:en": "Hasan Zirak Str.",
        "oneway": "yes",
        "@geometry": "center"
      },
      "geometry": {
        "type": "Point",
        "coordinates": [
          46.0003083,
          35.1811895
        ]
      },
      "id": "way/321659382"
    },
    {
      "type": "Feature",
      "properties": {
        "@id": "way/321659383",
        "highway": "secondary",
        "name": "شەقامی حەسەن زیرەک",
        "name:en": "Hasan Zirak Str.",
        "oneway": "yes",
        "@geometry": "center"
      },
      "geometry": {
        "type": "Point",
        "coordinates": [
          46.0002769,
          35.1810803
        ]
      },
      "id": "way/321659383"
    },
    {
      "type": "Feature",
      "properties": {
        "@id": "way/321659388",
        "highway": "secondary",
        "name": "شەقامی زانکۆ",
        "oneway": "yes",
        "surface": "asphalt",
        "@geometry": "center"
      },
      "geometry": {
        "type": "Point",
        "coordinates": [
          46.0151876,
          35.1744016
        ]
      },
      "id": "way/321659388"
    },
    {
      "type": "Feature",
      "properties": {
        "@id": "way/321660385",
        "highway": "secondary",
        "oneway": "yes",
        "@geometry": "center"
      },
      "geometry": {
        "type": "Point",
        "coordinates": [
          46.0019034,
          35.1702941
        ]
      },
      "id": "way/321660385"
    },
    {
      "type": "Feature",
      "properties": {
        "@id": "way/321660387",
        "highway": "secondary",
        "oneway": "yes",
        "@geometry": "center"
      },
      "geometry": {
        "type": "Point",
        "coordinates": [
          46.0019034,
          35.1702941
        ]
      },
      "id": "way/321660387"
    },
    {
      "type": "Feature",
      "properties": {
        "@id": "way/321660415",
        "highway": "secondary",
        "oneway": "no",
        "source": "GPS",
        "@geometry": "center"
      },
      "geometry": {
        "type": "Point",
        "coordinates": [
          45.9943498,
          35.1769126
        ]
      },
      "id": "way/321660415"
    },
    {
      "type": "Feature",
      "properties": {
        "@id": "way/323939182",
        "landuse": "residential",
        "name": "بەڵخەی سەروو",
        "residential": "rural",
        "@geometry": "center"
      },
      "geometry": {
        "type": "Point",
        "coordinates": [
          46.1508732,
          35.2004868
        ]
      },
      "id": "way/323939182"
    },
    {
      "type": "Feature",
      "properties": {
        "@id": "way/323939184",
        "landuse": "residential",
        "name": "دەگاشێخان",
        "residential": "rural",
        "@geometry": "center"
      },
      "geometry": {
        "type": "Point",
        "coordinates": [
          46.127842,
          35.2234567
        ]
      },
      "id": "way/323939184"
    },
    {
      "type": "Feature",
      "properties": {
        "@id": "way/323939188",
        "landuse": "residential",
        "@geometry": "center"
      },
      "geometry": {
        "type": "Point",
        "coordinates": [
          46.1190056,
          35.2230103
        ]
      },
      "id": "way/323939188"
    },
    {
      "type": "Feature",
      "properties": {
        "@id": "way/323939191",
        "landuse": "residential",
        "name": "بیارە",
        "residential": "urban",
        "@geometry": "center"
      },
      "geometry": {
        "type": "Point",
        "coordinates": [
          46.1148934,
          35.2270045
        ]
      },
      "id": "way/323939191"
    },
    {
      "type": "Feature",
      "properties": {
        "@id": "way/323939200",
        "landuse": "residential",
        "@geometry": "center"
      },
      "geometry": {
        "type": "Point",
        "coordinates": [
          46.0515591,
          35.2842688
        ]
      },
      "id": "way/323939200"
    },
    {
      "type": "Feature",
      "properties": {
        "@id": "way/323950663",
        "highway": "secondary",
        "name": "رێگای خورمال-ئەحمەداوە",
        "name:ckb": "رێگای خورمال-ئەحمەداوە",
        "name:en": "Khurmal-Ahmadawa Road",
        "oneway": "yes",
        "surface": "asphalt",
        "@geometry": "center"
      },
      "geometry": {
        "type": "Point",
        "coordinates": [
          46.050737,
          35.2969588
        ]
      },
      "id": "way/323950663"
    },
    {
      "type": "Feature",
      "properties": {
        "@id": "way/323950710",
        "highway": "primary_link",
        "@geometry": "center"
      },
      "geometry": {
        "type": "Point",
        "coordinates": [
          46.0395552,
          35.2934085
        ]
      },
      "id": "way/323950710"
    },
    {
      "type": "Feature",
      "properties": {
        "@id": "way/324387161",
        "landuse": "residential",
        "name": "ناوباخان",
        "residential": "rural",
        "wikidata": "Q61381042",
        "wikipedia": "ckb:ناوباخان",
        "@geometry": "center"
      },
      "geometry": {
        "type": "Point",
        "coordinates": [
          46.0601792,
          35.2988546
        ]
      },
      "id": "way/324387161"
    },
    {
      "type": "Feature",
      "properties": {
        "@id": "way/324467164",
        "landuse": "residential",
        "name": "هاوار",
        "name:ar": "هاوار",
        "name:ckb": "هاوار",
        "name:en": "hawar",
        "name:ku": "hawar",
        "residential": "rural",
        "wikipedia": "ckb:هاوار",
        "@geometry": "center"
      },
      "geometry": {
        "type": "Point",
        "coordinates": [
          46.1176449,
          35.1607214
        ]
      },
      "id": "way/324467164"
    },
    {
      "type": "Feature",
      "properties": {
        "@id": "way/397492256",
        "highway": "secondary",
        "oneway": "no",
        "source": "GPS",
        "@geometry": "center"
      },
      "geometry": {
        "type": "Point",
        "coordinates": [
          45.9852803,
          35.1774439
        ]
      },
      "id": "way/397492256"
    },
    {
      "type": "Feature",
      "properties": {
        "@id": "way/424694705",
        "is_in": "Nawroli",
        "is_in:city": "Halabja",
        "is_in_1": "Iraq",
        "name": "پریس سەروو",
        "name:en": "Upper Pris",
        "place": "village",
        "@geometry": "center"
      },
      "geometry": {
        "type": "Point",
        "coordinates": [
          45.9434941,
          35.1628793
        ]
      },
      "id": "way/424694705"
    },
    {
      "type": "Feature",
      "properties": {
        "@id": "way/424696337",
        "is_in:city": "Halabja",
        "landuse": "residential",
        "name": "بەکراوە",
        "residential": "rural",
        "wikidata": "Q61380251",
        "wikipedia": "ckb:بەکراوا",
        "@geometry": "center"
      },
      "geometry": {
        "type": "Point",
        "coordinates": [
          45.9410094,
          35.2190554
        ]
      },
      "id": "way/424696337"
    },
    {
      "type": "Feature",
      "properties": {
        "@id": "way/425078821",
        "is_in:city": "Halabja",
        "landuse": "residential",
        "name": "دەرەشیشی سەروو",
        "residential": "rural",
        "@geometry": "center"
      },
      "geometry": {
        "type": "Point",
        "coordinates": [
          46.0362377,
          35.2117815
        ]
      },
      "id": "way/425078821"
    },
    {
      "type": "Feature",
      "properties": {
        "@id": "way/425081496",
        "highway": "secondary",
        "name": "ڕێگای هەڵەبجە - ‌هەورامان",
        "oneway": "no",
        "@geometry": "center"
      },
      "geometry": {
        "type": "Point",
        "coordinates": [
          46.0309337,
          35.2271719
        ]
      },
      "id": "way/425081496"
    },
    {
      "type": "Feature",
      "properties": {
        "@id": "way/425094617",
        "highway": "secondary",
        "oneway": "yes",
        "source": "GPS",
        "@geometry": "center"
      },
      "geometry": {
        "type": "Point",
        "coordinates": [
          45.9869529,
          35.1784326
        ]
      },
      "id": "way/425094617"
    },
    {
      "type": "Feature",
      "properties": {
        "@id": "way/442658379",
        "highway": "secondary",
        "name": "شەقامی حەسەن زیرەک",
        "name:en": "Hasan Zirak Str.",
        "oneway": "yes",
        "@geometry": "center"
      },
      "geometry": {
        "type": "Point",
        "coordinates": [
          46.0050186,
          35.1770014
        ]
      },
      "id": "way/442658379"
    },
    {
      "type": "Feature",
      "properties": {
        "@id": "way/442658383",
        "highway": "secondary",
        "oneway": "yes",
        "@geometry": "center"
      },
      "geometry": {
        "type": "Point",
        "coordinates": [
          46.0083343,
          35.1761671
        ]
      },
      "id": "way/442658383"
    },
    {
      "type": "Feature",
      "properties": {
        "@id": "way/442659522",
        "highway": "secondary",
        "@geometry": "center"
      },
      "geometry": {
        "type": "Point",
        "coordinates": [
          45.9951456,
          35.1771708
        ]
      },
      "id": "way/442659522"
    },
    {
      "type": "Feature",
      "properties": {
        "@id": "way/442659527",
        "highway": "secondary",
        "@geometry": "center"
      },
      "geometry": {
        "type": "Point",
        "coordinates": [
          45.9929654,
          35.1757163
        ]
      },
      "id": "way/442659527"
    },
    {
      "type": "Feature",
      "properties": {
        "@id": "way/442666781",
        "highway": "trunk",
        "junction": "roundabout",
        "name": "فلکەی عومەری خاوەر",
        "ref": "180",
        "surface": "asphalt",
        "@geometry": "center"
      },
      "geometry": {
        "type": "Point",
        "coordinates": [
          45.983191,
          35.1782123
        ]
      },
      "id": "way/442666781"
    },
    {
      "type": "Feature",
      "properties": {
        "@id": "way/442799031",
        "highway": "primary",
        "name": "رێگای سلێمانی-سەیدسادق-هەلەبجە",
        "name:ckb": "رێگای سلێمانی-سەیدسادق-هەلەبجە",
        "name:en": "Sulaimani-Saidsadq-Halabja Road",
        "source": "GPS",
        "surface": "asphalt",
        "@geometry": "center"
      },
      "geometry": {
        "type": "Point",
        "coordinates": [
          45.9681764,
          35.2997581
        ]
      },
      "id": "way/442799031"
    },
    {
      "type": "Feature",
      "properties": {
        "@id": "way/442864757",
        "highway": "primary_link",
        "oneway": "yes",
        "surface": "asphalt",
        "@geometry": "center"
      },
      "geometry": {
        "type": "Point",
        "coordinates": [
          46.0378774,
          35.2975991
        ]
      },
      "id": "way/442864757"
    },
    {
      "type": "Feature",
      "properties": {
        "@id": "way/442864965",
        "highway": "primary_link",
        "surface": "asphalt",
        "@geometry": "center"
      },
      "geometry": {
        "type": "Point",
        "coordinates": [
          46.0373603,
          35.2981997
        ]
      },
      "id": "way/442864965"
    },
    {
      "type": "Feature",
      "properties": {
        "@id": "way/442864966",
        "highway": "primary_link",
        "surface": "asphalt",
        "@geometry": "center"
      },
      "geometry": {
        "type": "Point",
        "coordinates": [
          46.0307105,
          35.3005499
        ]
      },
      "id": "way/442864966"
    },
    {
      "type": "Feature",
      "properties": {
        "@id": "way/442865190",
        "highway": "primary_link",
        "@geometry": "center"
      },
      "geometry": {
        "type": "Point",
        "coordinates": [
          46.039957,
          35.2925067
        ]
      },
      "id": "way/442865190"
    },
    {
      "type": "Feature",
      "properties": {
        "@id": "way/442865191",
        "highway": "primary_link",
        "surface": "asphalt",
        "@geometry": "center"
      },
      "geometry": {
        "type": "Point",
        "coordinates": [
          46.0316298,
          35.3003687
        ]
      },
      "id": "way/442865191"
    },
    {
      "type": "Feature",
      "properties": {
        "@id": "way/443260877",
        "highway": "secondary",
        "name": "شەقامی هیرۆشیما",
        "source": "GPS",
        "@geometry": "center"
      },
      "geometry": {
        "type": "Point",
        "coordinates": [
          45.9903932,
          35.175525
        ]
      },
      "id": "way/443260877"
    },
    {
      "type": "Feature",
      "properties": {
        "@id": "way/443260879",
        "highway": "secondary_link",
        "@geometry": "center"
      },
      "geometry": {
        "type": "Point",
        "coordinates": [
          46.0049509,
          35.1681981
        ]
      },
      "id": "way/443260879"
    },
    {
      "type": "Feature",
      "properties": {
        "@id": "way/443261537",
        "highway": "secondary",
        "name": "شەقامی هیرۆشیما",
        "oneway": "yes",
        "source": "GPS",
        "@geometry": "center"
      },
      "geometry": {
        "type": "Point",
        "coordinates": [
          45.9870544,
          35.1767967
        ]
      },
      "id": "way/443261537"
    },
    {
      "type": "Feature",
      "properties": {
        "@id": "way/443263277",
        "highway": "secondary_link",
        "@geometry": "center"
      },
      "geometry": {
        "type": "Point",
        "coordinates": [
          45.9937815,
          35.1846173
        ]
      },
      "id": "way/443263277"
    },
    {
      "type": "Feature",
      "properties": {
        "@id": "way/443263574",
        "highway": "secondary_link",
        "@geometry": "center"
      },
      "geometry": {
        "type": "Point",
        "coordinates": [
          45.9821106,
          35.1937494
        ]
      },
      "id": "way/443263574"
    },
    {
      "type": "Feature",
      "properties": {
        "@id": "way/499459002",
        "highway": "trunk_link",
        "@geometry": "center"
      },
      "geometry": {
        "type": "Point",
        "coordinates": [
          45.9360618,
          35.2574086
        ]
      },
      "id": "way/499459002"
    },
    {
      "type": "Feature",
      "properties": {
        "@id": "way/504444434",
        "landuse": "residential",
        "name": "چاوگی کۆکۆیی",
        "residential": "rural",
        "wikidata": "Q61380402",
        "wikipedia": "ckb:چاوگی کۆکۆیی",
        "@geometry": "center"
      },
      "geometry": {
        "type": "Point",
        "coordinates": [
          45.9748854,
          35.1466622
        ]
      },
      "id": "way/504444434"
    },
    {
      "type": "Feature",
      "properties": {
        "@id": "way/513664855",
        "landuse": "residential",
        "name": "چنارەی کۆکۆیی",
        "residential": "rural",
        "@geometry": "center"
      },
      "geometry": {
        "type": "Point",
        "coordinates": [
          46.0314669,
          35.0790706
        ]
      },
      "id": "way/513664855"
    },
    {
      "type": "Feature",
      "properties": {
        "@id": "way/513672834",
        "landuse": "residential",
        "name": "ھانەسوورە",
        "residential": "rural",
        "wikidata": "Q61380718",
        "wikipedia": "ckb:ھانەسوورە",
        "@geometry": "center"
      },
      "geometry": {
        "type": "Point",
        "coordinates": [
          45.9403497,
          35.1493952
        ]
      },
      "id": "way/513672834"
    },
    {
      "type": "Feature",
      "properties": {
        "@id": "way/513672840",
        "landuse": "residential",
        "name": "سەراو",
        "residential": "rural",
        "wikidata": "Q61380505",
        "wikipedia": "ckb:سەراو، ھەڵەبجە",
        "@geometry": "center"
      },
      "geometry": {
        "type": "Point",
        "coordinates": [
          45.928157,
          35.1420005
        ]
      },
      "id": "way/513672840"
    },
    {
      "type": "Feature",
      "properties": {
        "@id": "way/513680162",
        "landuse": "residential",
        "name": "کەوتە",
        "residential": "rural",
        "wikidata": "Q61380603",
        "wikipedia": "ckb:کەوتە",
        "@geometry": "center"
      },
      "geometry": {
        "type": "Point",
        "coordinates": [
          45.912594,
          35.1039243
        ]
      },
      "id": "way/513680162"
    },
    {
      "type": "Feature",
      "properties": {
        "@id": "way/513683957",
        "landuse": "residential",
        "name": "نەیجەڵە",
        "residential": "rural",
        "wikidata": "Q61380690",
        "wikipedia": "ckb:نەیجەڵە",
        "@geometry": "center"
      },
      "geometry": {
        "type": "Point",
        "coordinates": [
          46.0518838,
          35.0599815
        ]
      },
      "id": "way/513683957"
    },
    {
      "type": "Feature",
      "properties": {
        "@id": "way/513697269",
        "highway": "primary",
        "name": "رێگای بیارە-تەوێڵە",
        "name:ckb": "رێگای بیارە-تەوێڵە",
        "name:en": "Byara-Tawela Road",
        "ref": "43",
        "surface": "asphalt",
        "@geometry": "center"
      },
      "geometry": {
        "type": "Point",
        "coordinates": [
          46.0704543,
          35.2587937
        ]
      },
      "id": "way/513697269"
    },
    {
      "type": "Feature",
      "properties": {
        "@id": "way/513697271",
        "highway": "primary",
        "name": "تەوێڵە",
        "name:ckb": "تەوێڵە",
        "name:en": "Tawela Road",
        "ref": "43",
        "surface": "asphalt",
        "@geometry": "center"
      },
      "geometry": {
        "type": "Point",
        "coordinates": [
          46.1515081,
          35.2062261
        ]
      },
      "id": "way/513697271"
    },
    {
      "type": "Feature",
      "properties": {
        "@id": "way/513854778",
        "landuse": "residential",
        "name": "کانی توو",
        "residential": "rural",
        "wikidata": "Q61380568",
        "wikipedia": "ckb:کانی توو، ھەڵەبجە",
        "@geometry": "center"
      },
      "geometry": {
        "type": "Point",
        "coordinates": [
          45.8915479,
          35.1861672
        ]
      },
      "id": "way/513854778"
    },
    {
      "type": "Feature",
      "properties": {
        "@id": "way/513860366",
        "landuse": "residential",
        "@geometry": "center"
      },
      "geometry": {
        "type": "Point",
        "coordinates": [
          45.8772319,
          35.1548145
        ]
      },
      "id": "way/513860366"
    },
    {
      "type": "Feature",
      "properties": {
        "@id": "way/513860367",
        "landuse": "residential",
        "@geometry": "center"
      },
      "geometry": {
        "type": "Point",
        "coordinates": [
          45.8786226,
          35.1549946
        ]
      },
      "id": "way/513860367"
    },
    {
      "type": "Feature",
      "properties": {
        "@id": "way/513860368",
        "landuse": "residential",
        "@geometry": "center"
      },
      "geometry": {
        "type": "Point",
        "coordinates": [
          45.8929001,
          35.1568931
        ]
      },
      "id": "way/513860368"
    },
    {
      "type": "Feature",
      "properties": {
        "@id": "way/514519793",
        "landuse": "residential",
        "name": "قارەمانی",
        "residential": "rural",
        "@geometry": "center"
      },
      "geometry": {
        "type": "Point",
        "coordinates": [
          45.862564,
          35.1750566
        ]
      },
      "id": "way/514519793"
    },
    {
      "type": "Feature",
      "properties": {
        "@id": "way/514968867",
        "landuse": "residential",
        "@geometry": "center"
      },
      "geometry": {
        "type": "Point",
        "coordinates": [
          45.9014385,
          35.1789603
        ]
      },
      "id": "way/514968867"
    },
    {
      "type": "Feature",
      "properties": {
        "@id": "way/514968868",
        "landuse": "residential",
        "@geometry": "center"
      },
      "geometry": {
        "type": "Point",
        "coordinates": [
          45.9131395,
          35.1660342
        ]
      },
      "id": "way/514968868"
    },
    {
      "type": "Feature",
      "properties": {
        "@id": "way/514968869",
        "landuse": "residential",
        "name": "بێلەنگە",
        "residential": "rural",
        "wikidata": "Q61380292",
        "wikipedia": "ckb:بێلەنگە",
        "@geometry": "center"
      },
      "geometry": {
        "type": "Point",
        "coordinates": [
          45.9211423,
          35.168636
        ]
      },
      "id": "way/514968869"
    },
    {
      "type": "Feature",
      "properties": {
        "@id": "way/514973999",
        "landuse": "residential",
        "name": "نێرگزەجاڕ",
        "residential": "rural",
        "wikidata": "Q61380710",
        "wikipedia": "ckb:نێرگزەجاڕ",
        "@geometry": "center"
      },
      "geometry": {
        "type": "Point",
        "coordinates": [
          45.819771,
          35.1877416
        ]
      },
      "id": "way/514973999"
    },
    {
      "type": "Feature",
      "properties": {
        "@id": "way/514974000",
        "landuse": "residential",
        "name": "مامەشایی",
        "residential": "rural",
        "wikidata": "Q61380670",
        "wikipedia": "ckb:مامەشەیی",
        "@geometry": "center"
      },
      "geometry": {
        "type": "Point",
        "coordinates": [
          45.8432565,
          35.1568838
        ]
      },
      "id": "way/514974000"
    },
    {
      "type": "Feature",
      "properties": {
        "@id": "way/514974001",
        "landuse": "residential",
        "name": "نەوەر",
        "residential": "rural",
        "@geometry": "center"
      },
      "geometry": {
        "type": "Point",
        "coordinates": [
          45.8838085,
          35.1311547
        ]
      },
      "id": "way/514974001"
    },
    {
      "type": "Feature",
      "properties": {
        "@id": "way/514979323",
        "landuse": "residential",
        "@geometry": "center"
      },
      "geometry": {
        "type": "Point",
        "coordinates": [
          45.9357326,
          35.1950326
        ]
      },
      "id": "way/514979323"
    },
    {
      "type": "Feature",
      "properties": {
        "@id": "way/514979324",
        "landuse": "residential",
        "@geometry": "center"
      },
      "geometry": {
        "type": "Point",
        "coordinates": [
          45.9369006,
          35.1936492
        ]
      },
      "id": "way/514979324"
    },
    {
      "type": "Feature",
      "properties": {
        "@id": "way/514979325",
        "landuse": "residential",
        "@geometry": "center"
      },
      "geometry": {
        "type": "Point",
        "coordinates": [
          45.9374935,
          35.1921392
        ]
      },
      "id": "way/514979325"
    },
    {
      "type": "Feature",
      "properties": {
        "@id": "way/514979326",
        "landuse": "residential",
        "@geometry": "center"
      },
      "geometry": {
        "type": "Point",
        "coordinates": [
          45.9376453,
          35.1913508
        ]
      },
      "id": "way/514979326"
    },
    {
      "type": "Feature",
      "properties": {
        "@id": "way/514979327",
        "landuse": "residential",
        "@geometry": "center"
      },
      "geometry": {
        "type": "Point",
        "coordinates": [
          45.9400687,
          35.1694353
        ]
      },
      "id": "way/514979327"
    },
    {
      "type": "Feature",
      "properties": {
        "@id": "way/514998164",
        "landuse": "residential",
        "name": "دوانزەئیمام",
        "residential": "rural",
        "wikidata": "Q61380469",
        "wikipedia": "ckb:دوانزەئیمام",
        "@geometry": "center"
      },
      "geometry": {
        "type": "Point",
        "coordinates": [
          45.9223784,
          35.2548592
        ]
      },
      "id": "way/514998164"
    },
    {
      "type": "Feature",
      "properties": {
        "@id": "way/515070458",
        "landuse": "residential",
        "@geometry": "center"
      },
      "geometry": {
        "type": "Point",
        "coordinates": [
          45.9014142,
          35.1339578
        ]
      },
      "id": "way/515070458"
    },
    {
      "type": "Feature",
      "properties": {
        "@id": "way/515253521",
        "landuse": "residential",
        "name": "بەشارەتی خواروو",
        "residential": "rural",
        "wikidata": "Q61380231",
        "wikipedia": "ckb:بەشارەتی خواروو",
        "@geometry": "center"
      },
      "geometry": {
        "type": "Point",
        "coordinates": [
          45.9527764,
          35.2623191
        ]
      },
      "id": "way/515253521"
    },
    {
      "type": "Feature",
      "properties": {
        "@id": "way/540710121",
        "landuse": "residential",
        "@geometry": "center"
      },
      "geometry": {
        "type": "Point",
        "coordinates": [
          46.01125,
          35.1861081
        ]
      },
      "id": "way/540710121"
    },
    {
      "type": "Feature",
      "properties": {
        "@id": "way/540710123",
        "landuse": "residential",
        "@geometry": "center"
      },
      "geometry": {
        "type": "Point",
        "coordinates": [
          46.0116737,
          35.1861663
        ]
      },
      "id": "way/540710123"
    },
    {
      "type": "Feature",
      "properties": {
        "@id": "way/540822888",
        "highway": "secondary_link",
        "@geometry": "center"
      },
      "geometry": {
        "type": "Point",
        "coordinates": [
          45.9962697,
          35.1881711
        ]
      },
      "id": "way/540822888"
    },
    {
      "type": "Feature",
      "properties": {
        "@id": "way/540822889",
        "highway": "secondary_link",
        "@geometry": "center"
      },
      "geometry": {
        "type": "Point",
        "coordinates": [
          45.9966739,
          35.1888264
        ]
      },
      "id": "way/540822889"
    },
    {
      "type": "Feature",
      "properties": {
        "@id": "way/541367554",
        "landuse": "residential",
        "residential": "rural",
        "@geometry": "center"
      },
      "geometry": {
        "type": "Point",
        "coordinates": [
          46.0159134,
          35.2088716
        ]
      },
      "id": "way/541367554"
    },
    {
      "type": "Feature",
      "properties": {
        "@id": "way/545855809",
        "landuse": "residential",
        "@geometry": "center"
      },
      "geometry": {
        "type": "Point",
        "coordinates": [
          45.994271,
          35.2329382
        ]
      },
      "id": "way/545855809"
    },
    {
      "type": "Feature",
      "properties": {
        "@id": "way/545855813",
        "landuse": "residential",
        "@geometry": "center"
      },
      "geometry": {
        "type": "Point",
        "coordinates": [
          45.9889458,
          35.2332096
        ]
      },
      "id": "way/545855813"
    },
    {
      "type": "Feature",
      "properties": {
        "@id": "way/582351998",
        "highway": "primary",
        "oneway": "yes",
        "source": "GPS",
        "surface": "asphalt",
        "@geometry": "center"
      },
      "geometry": {
        "type": "Point",
        "coordinates": [
          45.9630014,
          35.294408
        ]
      },
      "id": "way/582351998"
    },
    {
      "type": "Feature",
      "properties": {
        "@id": "way/582351999",
        "highway": "trunk",
        "name": "رێگای سلێمانی-سەیدسادق-هەلەبجە",
        "name:ckb": "رێگای سلێمانی-سەیدسادق-هەلەبجە",
        "name:en": "Sulaimani-Saidsadq-Halabja Road",
        "oneway": "yes",
        "ref": "180",
        "source": "GPS",
        "surface": "asphalt",
        "@geometry": "center"
      },
      "geometry": {
        "type": "Point",
        "coordinates": [
          45.95925,
          35.2917645
        ]
      },
      "id": "way/582351999"
    },
    {
      "type": "Feature",
      "properties": {
        "@id": "way/683786121",
        "landuse": "residential",
        "name": "گوڵپ",
        "residential": "rural",
        "@geometry": "center"
      },
      "geometry": {
        "type": "Point",
        "coordinates": [
          46.0866843,
          35.2639202
        ]
      },
      "id": "way/683786121"
    },
    {
      "type": "Feature",
      "properties": {
        "@id": "way/700611442",
        "landuse": "residential",
        "name": "گۆمەلار",
        "residential": "rural",
        "wikidata": "Q61381014",
        "wikipedia": "ckb:گۆمەلار",
        "@geometry": "center"
      },
      "geometry": {
        "type": "Point",
        "coordinates": [
          46.018138,
          35.2736165
        ]
      },
      "id": "way/700611442"
    },
    {
      "type": "Feature",
      "properties": {
        "@id": "way/721524051",
        "highway": "trunk",
        "lanes": "5",
        "oneway": "yes",
        "ref": "180",
        "surface": "asphalt",
        "@geometry": "center"
      },
      "geometry": {
        "type": "Point",
        "coordinates": [
          45.9587395,
          35.2925595
        ]
      },
      "id": "way/721524051"
    },
    {
      "type": "Feature",
      "properties": {
        "@id": "way/721524054",
        "highway": "trunk",
        "maxspeed": "100",
        "name": "ڕێگای دوو سایدی هەڵەبجە - سەیدسادق",
        "oneway": "yes",
        "ref": "180",
        "surface": "asphalt",
        "@geometry": "center"
      },
      "geometry": {
        "type": "Point",
        "coordinates": [
          45.9600128,
          35.2921504
        ]
      },
      "id": "way/721524054"
    },
    {
      "type": "Feature",
      "properties": {
        "@id": "way/721524055",
        "highway": "trunk_link",
        "oneway": "yes",
        "surface": "asphalt",
        "@geometry": "center"
      },
      "geometry": {
        "type": "Point",
        "coordinates": [
          45.9600291,
          35.2935516
        ]
      },
      "id": "way/721524055"
    },
    {
      "type": "Feature",
      "properties": {
        "@id": "way/721871361",
        "highway": "primary",
        "name": "رێگای بیارە-تەوێڵە",
        "name:ckb": "رێگای بیارە-تەوێڵە",
        "name:en": "Byara-Tawela Road",
        "ref": "43",
        "surface": "asphalt",
        "@geometry": "center"
      },
      "geometry": {
        "type": "Point",
        "coordinates": [
          46.1099749,
          35.2274872
        ]
      },
      "id": "way/721871361"
    },
    {
      "type": "Feature",
      "properties": {
        "@id": "way/727513530",
        "highway": "secondary",
        "name": "شەقامی زانکۆ",
        "oneway": "yes",
        "@geometry": "center"
      },
      "geometry": {
        "type": "Point",
        "coordinates": [
          46.008553,
          35.1759192
        ]
      },
      "id": "way/727513530"
    },
    {
      "type": "Feature",
      "properties": {
        "@id": "way/756402235",
        "highway": "secondary",
        "name": "شەقامی زانکۆ",
        "oneway": "yes",
        "surface": "asphalt",
        "@geometry": "center"
      },
      "geometry": {
        "type": "Point",
        "coordinates": [
          46.0234805,
          35.1731067
        ]
      },
      "id": "way/756402235"
    },
    {
      "type": "Feature",
      "properties": {
        "@id": "way/756402236",
        "highway": "secondary",
        "oneway": "yes",
        "@geometry": "center"
      },
      "geometry": {
        "type": "Point",
        "coordinates": [
          46.0191133,
          35.1744353
        ]
      },
      "id": "way/756402236"
    },
    {
      "type": "Feature",
      "properties": {
        "@id": "way/772720009",
        "landuse": "residential",
        "name": "ئیمامی زامن",
        "residential": "rural",
        "wikidata": "Q61380206",
        "wikipedia": "ckb:ئیمامی زامن",
        "@geometry": "center"
      },
      "geometry": {
        "type": "Point",
        "coordinates": [
          45.8770025,
          35.2245126
        ]
      },
      "id": "way/772720009"
    },
    {
      "type": "Feature",
      "properties": {
        "@id": "way/772720495",
        "landuse": "residential",
        "name": "غوڵامی خوارووی تازە",
        "residential": "rural",
        "wikidata": "Q61380541",
        "wikipedia": "ckb:غوڵامی خواروو",
        "@geometry": "center"
      },
      "geometry": {
        "type": "Point",
        "coordinates": [
          45.8708434,
          35.2152362
        ]
      },
      "id": "way/772720495"
    },
    {
      "type": "Feature",
      "properties": {
        "@id": "way/772720921",
        "landuse": "residential",
        "name": "غوڵامی خوارووی کۆن",
        "residential": "rural",
        "wikidata": "Q61380541",
        "wikipedia": "ckb:غوڵامی خواروو",
        "@geometry": "center"
      },
      "geometry": {
        "type": "Point",
        "coordinates": [
          45.8668178,
          35.2089995
        ]
      },
      "id": "way/772720921"
    },
    {
      "type": "Feature",
      "properties": {
        "@id": "way/772721317",
        "landuse": "residential",
        "name": "بێژاوا",
        "residential": "rural",
        "wikidata": "Q61380276",
        "wikipedia": "ckb:بێژاوا",
        "@geometry": "center"
      },
      "geometry": {
        "type": "Point",
        "coordinates": [
          45.9045596,
          35.1958141
        ]
      },
      "id": "way/772721317"
    },
    {
      "type": "Feature",
      "properties": {
        "@id": "way/772722848",
        "landuse": "residential",
        "name": "تونی حاجی حەسەن",
        "residential": "rural",
        "wikidata": "Q61380389",
        "wikipedia": "ckb:تونی حاجی حەسەن",
        "@geometry": "center"
      },
      "geometry": {
        "type": "Point",
        "coordinates": [
          45.8198388,
          35.1696103
        ]
      },
      "id": "way/772722848"
    },
    {
      "type": "Feature",
      "properties": {
        "@id": "way/772724015",
        "landuse": "residential",
        "name": "بەشی پیرک",
        "residential": "rural",
        "wikidata": "Q61380244",
        "wikipedia": "ckb:بەشی پیرک",
        "@geometry": "center"
      },
      "geometry": {
        "type": "Point",
        "coordinates": [
          45.8510905,
          35.1358929
        ]
      },
      "id": "way/772724015"
    },
    {
      "type": "Feature",
      "properties": {
        "@id": "way/772728865",
        "landuse": "residential",
        "name": "میراولی",
        "residential": "rural",
        "wikidata": "Q61380678",
        "wikipedia": "ckb:میراولی، ھەڵەبجە",
        "@geometry": "center"
      },
      "geometry": {
        "type": "Point",
        "coordinates": [
          45.8779687,
          35.1548151
        ]
      },
      "id": "way/772728865"
    },
    {
      "type": "Feature",
      "properties": {
        "@id": "way/772730881",
        "landuse": "residential",
        "name": "چروستان",
        "residential": "rural",
        "@geometry": "center"
      },
      "geometry": {
        "type": "Point",
        "coordinates": [
          45.8945499,
          35.1578125
        ]
      },
      "id": "way/772730881"
    },
    {
      "type": "Feature",
      "properties": {
        "@id": "way/772734844",
        "landuse": "residential",
        "name": "کانی کەروێشکان",
        "residential": "rural",
        "wikidata": "Q61380713",
        "wikipedia": "ckb:ھانەژاڵە",
        "@geometry": "center"
      },
      "geometry": {
        "type": "Point",
        "coordinates": [
          45.9009223,
          35.1359922
        ]
      },
      "id": "way/772734844"
    },
    {
      "type": "Feature",
      "properties": {
        "@id": "way/772768357",
        "landuse": "residential",
        "name": "تەوەنەبەل",
        "residential": "rural",
        "@geometry": "center"
      },
      "geometry": {
        "type": "Point",
        "coordinates": [
          45.9695184,
          35.0754469
        ]
      },
      "id": "way/772768357"
    },
    {
      "type": "Feature",
      "properties": {
        "@id": "way/772768797",
        "landuse": "residential",
        "name": "گردەناوێ",
        "residential": "rural",
        "@geometry": "center"
      },
      "geometry": {
        "type": "Point",
        "coordinates": [
          45.993701,
          35.089376
        ]
      },
      "id": "way/772768797"
    },
    {
      "type": "Feature",
      "properties": {
        "@id": "way/772769212",
        "landuse": "residential",
        "name": "مۆردین",
        "residential": "rural",
        "@geometry": "center"
      },
      "geometry": {
        "type": "Point",
        "coordinates": [
          46.0076041,
          35.0836824
        ]
      },
      "id": "way/772769212"
    },
    {
      "type": "Feature",
      "properties": {
        "@id": "way/772771058",
        "landuse": "residential",
        "name": "قوڵی متکان",
        "residential": "rural",
        "@geometry": "center"
      },
      "geometry": {
        "type": "Point",
        "coordinates": [
          46.0651296,
          35.048805
        ]
      },
      "id": "way/772771058"
    },
    {
      "type": "Feature",
      "properties": {
        "@id": "way/772771274",
        "landuse": "residential",
        "name": "پێگە",
        "residential": "rural",
        "@geometry": "center"
      },
      "geometry": {
        "type": "Point",
        "coordinates": [
          46.066299,
          35.0640469
        ]
      },
      "id": "way/772771274"
    },
    {
      "type": "Feature",
      "properties": {
        "@id": "way/772771985",
        "landuse": "residential",
        "name": "لمە",
        "residential": "rural",
        "wikidata": "Q61380652",
        "wikipedia": "ckb:لمە",
        "@geometry": "center"
      },
      "geometry": {
        "type": "Point",
        "coordinates": [
          46.0683362,
          35.0761958
        ]
      },
      "id": "way/772771985"
    },
    {
      "type": "Feature",
      "properties": {
        "@id": "way/772772237",
        "landuse": "residential",
        "name": "کۆساوە",
        "residential": "rural",
        "@geometry": "center"
      },
      "geometry": {
        "type": "Point",
        "coordinates": [
          46.0774831,
          35.0933983
        ]
      },
      "id": "way/772772237"
    },
    {
      "type": "Feature",
      "properties": {
        "@id": "way/772772855",
        "landuse": "residential",
        "name": "سازان",
        "residential": "rural",
        "@geometry": "center"
      },
      "geometry": {
        "type": "Point",
        "coordinates": [
          46.0597499,
          35.0929052
        ]
      },
      "id": "way/772772855"
    },
    {
      "type": "Feature",
      "properties": {
        "@id": "way/772773271",
        "landuse": "residential",
        "name": "تلەوەرێ",
        "residential": "rural",
        "@geometry": "center"
      },
      "geometry": {
        "type": "Point",
        "coordinates": [
          46.0498039,
          35.1012165
        ]
      },
      "id": "way/772773271"
    },
    {
      "type": "Feature",
      "properties": {
        "@id": "way/772773500",
        "landuse": "residential",
        "name": "ڕیشاو",
        "residential": "rural",
        "@geometry": "center"
      },
      "geometry": {
        "type": "Point",
        "coordinates": [
          46.0779723,
          35.1115799
        ]
      },
      "id": "way/772773500"
    },
    {
      "type": "Feature",
      "properties": {
        "@id": "way/772774300",
        "landuse": "residential",
        "name": "بۆین",
        "residential": "rural",
        "@geometry": "center"
      },
      "geometry": {
        "type": "Point",
        "coordinates": [
          46.1187111,
          35.1012225
        ]
      },
      "id": "way/772774300"
    },
    {
      "type": "Feature",
      "properties": {
        "@id": "way/772774392",
        "landuse": "residential",
        "name": "گریانە",
        "residential": "rural",
        "wikidata": "Q5987429",
        "wikipedia": "ckb:گریانە",
        "@geometry": "center"
      },
      "geometry": {
        "type": "Point",
        "coordinates": [
          46.1508336,
          35.1168743
        ]
      },
      "id": "way/772774392"
    },
    {
      "type": "Feature",
      "properties": {
        "@id": "way/772774649",
        "landuse": "residential",
        "name": "هەوارە کۆن",
        "residential": "rural",
        "wikipedia": "ckb:هاوار",
        "@geometry": "center"
      },
      "geometry": {
        "type": "Point",
        "coordinates": [
          46.13126,
          35.1351773
        ]
      },
      "id": "way/772774649"
    },
    {
      "type": "Feature",
      "properties": {
        "@id": "way/772775675",
        "landuse": "residential",
        "name": "دەرە تفێ",
        "residential": "rural",
        "@geometry": "center"
      },
      "geometry": {
        "type": "Point",
        "coordinates": [
          46.1492112,
          35.1475142
        ]
      },
      "id": "way/772775675"
    },
    {
      "type": "Feature",
      "properties": {
        "@id": "way/772907492",
        "landuse": "residential",
        "name": "سەرکەن",
        "residential": "rural",
        "@geometry": "center"
      },
      "geometry": {
        "type": "Point",
        "coordinates": [
          46.0561568,
          35.1991717
        ]
      },
      "id": "way/772907492"
    },
    {
      "type": "Feature",
      "properties": {
        "@id": "way/772909025",
        "landuse": "residential",
        "name": "عەبابەیلێ",
        "residential": "rural",
        "wikidata": "Q7185122",
        "wikipedia": "ckb:عەبابەیلێ",
        "@geometry": "center"
      },
      "geometry": {
        "type": "Point",
        "coordinates": [
          46.0318537,
          35.1707108
        ]
      },
      "id": "way/772909025"
    },
    {
      "type": "Feature",
      "properties": {
        "@id": "way/772911024",
        "landuse": "residential",
        "name": "دەڵەمەڕ",
        "residential": "rural",
        "@geometry": "center"
      },
      "geometry": {
        "type": "Point",
        "coordinates": [
          46.037818,
          35.1602543
        ]
      },
      "id": "way/772911024"
    },
    {
      "type": "Feature",
      "properties": {
        "@id": "way/772912601",
        "landuse": "residential",
        "name": "تریفە",
        "residential": "rural",
        "wikidata": "Q61380336",
        "wikipedia": "ckb:تریفە، ھەڵەبجە",
        "@geometry": "center"
      },
      "geometry": {
        "type": "Point",
        "coordinates": [
          45.95885,
          35.1568195
        ]
      },
      "id": "way/772912601"
    },
    {
      "type": "Feature",
      "properties": {
        "@id": "way/772913778",
        "landuse": "residential",
        "name": "پریسی خواروو",
        "residential": "rural",
        "wikidata": "Q61380286",
        "wikipedia": "ckb:پریسی خواروو",
        "@geometry": "center"
      },
      "geometry": {
        "type": "Point",
        "coordinates": [
          45.9373241,
          35.193176
        ]
      },
      "id": "way/772913778"
    },
    {
      "type": "Feature",
      "properties": {
        "@id": "way/772933618",
        "landuse": "residential",
        "name": "کاگردەڵە",
        "residential": "rural",
        "wikidata": "Q61380573",
        "wikipedia": "ckb:کاگردەڵ",
        "@geometry": "center"
      },
      "geometry": {
        "type": "Point",
        "coordinates": [
          45.9162543,
          35.2438044
        ]
      },
      "id": "way/772933618"
    },
    {
      "type": "Feature",
      "properties": {
        "@id": "way/772934007",
        "landuse": "residential",
        "name": "کانی شێخ",
        "residential": "rural",
        "wikidata": "Q61380595",
        "wikipedia": "ckb:کانی شێخ",
        "@geometry": "center"
      },
      "geometry": {
        "type": "Point",
        "coordinates": [
          45.9057325,
          35.2390341
        ]
      },
      "id": "way/772934007"
    },
    {
      "type": "Feature",
      "properties": {
        "@id": "way/772934248",
        "landuse": "residential",
        "name": "قاجر",
        "residential": "rural",
        "wikidata": "Q61380924",
        "wikipedia": "ckb:قاجر",
        "@geometry": "center"
      },
      "geometry": {
        "type": "Point",
        "coordinates": [
          45.9399697,
          35.3133419
        ]
      },
      "id": "way/772934248"
    },
    {
      "type": "Feature",
      "properties": {
        "@id": "way/772963254",
        "landuse": "residential",
        "name": "دۆڵبیان",
        "residential": "rural",
        "@geometry": "center"
      },
      "geometry": {
        "type": "Point",
        "coordinates": [
          46.1502963,
          35.169289
        ]
      },
      "id": "way/772963254"
    },
    {
      "type": "Feature",
      "properties": {
        "@id": "way/772963562",
        "landuse": "residential",
        "name": "جاوری",
        "residential": "rural",
        "@geometry": "center"
      },
      "geometry": {
        "type": "Point",
        "coordinates": [
          46.1450574,
          35.1836017
        ]
      },
      "id": "way/772963562"
    },
    {
      "type": "Feature",
      "properties": {
        "@id": "way/772963955",
        "landuse": "residential",
        "name": "پاڵانیان",
        "residential": "rural",
        "@geometry": "center"
      },
      "geometry": {
        "type": "Point",
        "coordinates": [
          46.1245804,
          35.1810376
        ]
      },
      "id": "way/772963955"
    },
    {
      "type": "Feature",
      "properties": {
        "@id": "way/772964301",
        "landuse": "residential",
        "residential": "rural",
        "@geometry": "center"
      },
      "geometry": {
        "type": "Point",
        "coordinates": [
          46.1395105,
          35.1951276
        ]
      },
      "id": "way/772964301"
    },
    {
      "type": "Feature",
      "properties": {
        "@id": "way/772965135",
        "landuse": "residential",
        "name": "سۆسەکان",
        "residential": "rural",
        "@geometry": "center"
      },
      "geometry": {
        "type": "Point",
        "coordinates": [
          46.1690265,
          35.1822486
        ]
      },
      "id": "way/772965135"
    },
    {
      "type": "Feature",
      "properties": {
        "@id": "way/772967258",
        "landuse": "residential",
        "name": "ھانەنەوتێ",
        "residential": "rural",
        "@geometry": "center"
      },
      "geometry": {
        "type": "Point",
        "coordinates": [
          46.0969829,
          35.2194307
        ]
      },
      "id": "way/772967258"
    },
    {
      "type": "Feature",
      "properties": {
        "@id": "way/772967654",
        "landuse": "residential",
        "name": "دەرەقەیسەر",
        "residential": "rural",
        "wikidata": "Q5987445",
        "wikipedia": "ckb:دەرەقەیسەر",
        "@geometry": "center"
      },
      "geometry": {
        "type": "Point",
        "coordinates": [
          46.0853691,
          35.2226877
        ]
      },
      "id": "way/772967654"
    },
    {
      "type": "Feature",
      "properties": {
        "@id": "way/772970360",
        "landuse": "residential",
        "name": "خەرپانی",
        "residential": "rural",
        "wikidata": "Q5987438",
        "wikipedia": "ckb:خەرپانی",
        "@geometry": "center"
      },
      "geometry": {
        "type": "Point",
        "coordinates": [
          46.0709143,
          35.2183369
        ]
      },
      "id": "way/772970360"
    },
    {
      "type": "Feature",
      "properties": {
        "@id": "way/772970800",
        "landuse": "residential",
        "name": "کولیژی",
        "residential": "rural",
        "wikidata": "Q61380168",
        "wikipedia": "ckb:کولیژی",
        "@geometry": "center"
      },
      "geometry": {
        "type": "Point",
        "coordinates": [
          46.0622488,
          35.2165795
        ]
      },
      "id": "way/772970800"
    },
    {
      "type": "Feature",
      "properties": {
        "@id": "way/772972706",
        "landuse": "residential",
        "name": "بنجەودڕەی",
        "residential": "rural",
        "wikidata": "Q5987452",
        "wikipedia": "ckb:بنجەودڕەی",
        "@geometry": "center"
      },
      "geometry": {
        "type": "Point",
        "coordinates": [
          46.0837414,
          35.2348673
        ]
      },
      "id": "way/772972706"
    },
    {
      "type": "Feature",
      "properties": {
        "@id": "way/772973082",
        "landuse": "residential",
        "name": "درەکێ",
        "residential": "rural",
        "wikidata": "Q61380166",
        "wikipedia": "ckb:درەکێ",
        "@geometry": "center"
      },
      "geometry": {
        "type": "Point",
        "coordinates": [
          46.0892443,
          35.2407783
        ]
      },
      "id": "way/772973082"
    },
    {
      "type": "Feature",
      "properties": {
        "@id": "way/772973798",
        "landuse": "residential",
        "name": "نارنجڵە",
        "residential": "rural",
        "wikidata": "Q5987451",
        "wikipedia": "ckb:نارنجڵە",
        "@geometry": "center"
      },
      "geometry": {
        "type": "Point",
        "coordinates": [
          46.0985971,
          35.2454228
        ]
      },
      "id": "way/772973798"
    },
    {
      "type": "Feature",
      "properties": {
        "@id": "way/772974591",
        "landuse": "residential",
        "name": "باخەکۆن",
        "residential": "rural",
        "wikidata": "Q5987455",
        "wikipedia": "ckb:باخەکۆن",
        "@geometry": "center"
      },
      "geometry": {
        "type": "Point",
        "coordinates": [
          46.1064155,
          35.2658887
        ]
      },
      "id": "way/772974591"
    },
    {
      "type": "Feature",
      "properties": {
        "@id": "way/772977539",
        "landuse": "residential",
        "name": "گەچێنە",
        "residential": "rural",
        "wikidata": "Q5987457",
        "wikipedia": "ckb:گەچێنە",
        "@geometry": "center"
      },
      "geometry": {
        "type": "Point",
        "coordinates": [
          46.1141145,
          35.261185
        ]
      },
      "id": "way/772977539"
    },
    {
      "type": "Feature",
      "properties": {
        "@id": "way/772978253",
        "landuse": "residential",
        "name": "ھانەودنی",
        "residential": "rural",
        "@geometry": "center"
      },
      "geometry": {
        "type": "Point",
        "coordinates": [
          46.109929,
          35.2899126
        ]
      },
      "id": "way/772978253"
    },
    {
      "type": "Feature",
      "properties": {
        "@id": "way/772978473",
        "name": "دەرەو مەڕی",
        "name:ckb": "دەرەو مەڕی",
        "place": "village",
        "residential": "rural",
        "@geometry": "center"
      },
      "geometry": {
        "type": "Point",
        "coordinates": [
          46.1086312,
          35.3002399
        ]
      },
      "id": "way/772978473"
    },
    {
      "type": "Feature",
      "properties": {
        "@id": "way/772978627",
        "landuse": "residential",
        "name": "زەڵم",
        "residential": "rural",
        "wikidata": "Q5987468",
        "wikipedia": "ckb:زەڵم",
        "@geometry": "center"
      },
      "geometry": {
        "type": "Point",
        "coordinates": [
          46.0835438,
          35.3136981
        ]
      },
      "id": "way/772978627"
    },
    {
      "type": "Feature",
      "properties": {
        "@id": "way/774636165",
        "landuse": "residential",
        "name": "قولخورد",
        "residential": "rural",
        "wikidata": "Q61380947",
        "wikipedia": "ckb:قول خورد",
        "@geometry": "center"
      },
      "geometry": {
        "type": "Point",
        "coordinates": [
          45.9408702,
          35.3603164
        ]
      },
      "id": "way/774636165"
    },
    {
      "type": "Feature",
      "properties": {
        "@id": "way/774637324",
        "landuse": "residential",
        "name": "دەرەگوڵان",
        "residential": "rural",
        "wikidata": "Q61380861",
        "wikipedia": "ckb:دەرەگوڵان",
        "@geometry": "center"
      },
      "geometry": {
        "type": "Point",
        "coordinates": [
          45.9779542,
          35.3791904
        ]
      },
      "id": "way/774637324"
    },
    {
      "type": "Feature",
      "properties": {
        "@id": "way/774638035",
        "landuse": "residential",
        "name": "کانێسکان",
        "residential": "rural",
        "wikidata": "Q61385700",
        "wikipedia": "ckb:کانێسکان",
        "@geometry": "center"
      },
      "geometry": {
        "type": "Point",
        "coordinates": [
          45.97806,
          35.3936837
        ]
      },
      "id": "way/774638035"
    },
    {
      "type": "Feature",
      "properties": {
        "@id": "way/774638524",
        "landuse": "residential",
        "name": "چنارە",
        "residential": "rural",
        "@geometry": "center"
      },
      "geometry": {
        "type": "Point",
        "coordinates": [
          46.0057381,
          35.3994
        ]
      },
      "id": "way/774638524"
    },
    {
      "type": "Feature",
      "properties": {
        "@id": "way/774639248",
        "landuse": "residential",
        "name": "گەرچێنەی بانی بنۆک",
        "residential": "rural",
        "@geometry": "center"
      },
      "geometry": {
        "type": "Point",
        "coordinates": [
          45.9974769,
          35.4085012
        ]
      },
      "id": "way/774639248"
    },
    {
      "type": "Feature",
      "properties": {
        "@id": "way/774639620",
        "landuse": "residential",
        "name": "بانی بنۆک",
        "residential": "rural",
        "@geometry": "center"
      },
      "geometry": {
        "type": "Point",
        "coordinates": [
          45.9870927,
          35.4283079
        ]
      },
      "id": "way/774639620"
    },
    {
      "type": "Feature",
      "properties": {
        "@id": "way/774639985",
        "landuse": "residential",
        "name": "بەردەبەل",
        "residential": "rural",
        "@geometry": "center"
      },
      "geometry": {
        "type": "Point",
        "coordinates": [
          45.9648109,
          35.4305328
        ]
      },
      "id": "way/774639985"
    },
    {
      "type": "Feature",
      "properties": {
        "@id": "way/774640265",
        "landuse": "residential",
        "name": "قەڵبەزە",
        "name:en": "Qallbaza",
        "residential": "rural",
        "@geometry": "center"
      },
      "geometry": {
        "type": "Point",
        "coordinates": [
          45.9501587,
          35.4297643
        ]
      },
      "id": "way/774640265"
    },
    {
      "type": "Feature",
      "properties": {
        "@id": "way/774640909",
        "landuse": "residential",
        "name": "دەرەشیشی خواروو",
        "residential": "rural",
        "@geometry": "center"
      },
      "geometry": {
        "type": "Point",
        "coordinates": [
          46.0178081,
          35.2196367
        ]
      },
      "id": "way/774640909"
    },
    {
      "type": "Feature",
      "properties": {
        "@id": "way/774641662",
        "landuse": "residential",
        "name": "بیاوێڵە",
        "residential": "rural",
        "@geometry": "center"
      },
      "geometry": {
        "type": "Point",
        "coordinates": [
          46.0112944,
          35.2150548
        ]
      },
      "id": "way/774641662"
    },
    {
      "type": "Feature",
      "properties": {
        "@id": "way/775182821",
        "fixme": "highway proposed, in construction or actually built?",
        "highway": "trunk_link",
        "maxspeed": "100",
        "oneway": "yes",
        "surface": "asphalt",
        "@geometry": "center"
      },
      "geometry": {
        "type": "Point",
        "coordinates": [
          45.9581779,
          35.2917182
        ]
      },
      "id": "way/775182821"
    },
    {
      "type": "Feature",
      "properties": {
        "@id": "way/782010657",
        "highway": "trunk_link",
        "oneway": "yes",
        "@geometry": "center"
      },
      "geometry": {
        "type": "Point",
        "coordinates": [
          45.9531918,
          35.2277207
        ]
      },
      "id": "way/782010657"
    },
    {
      "type": "Feature",
      "properties": {
        "@id": "way/782010658",
        "highway": "trunk_link",
        "oneway": "yes",
        "@geometry": "center"
      },
      "geometry": {
        "type": "Point",
        "coordinates": [
          45.9530255,
          35.2280395
        ]
      },
      "id": "way/782010658"
    },
    {
      "type": "Feature",
      "properties": {
        "@id": "way/790864762",
        "landuse": "residential",
        "name": "تاوێرە",
        "residential": "rural",
        "@geometry": "center"
      },
      "geometry": {
        "type": "Point",
        "coordinates": [
          46.0778941,
          35.1834638
        ]
      },
      "id": "way/790864762"
    },
    {
      "type": "Feature",
      "properties": {
        "@id": "way/790875601",
        "name": "گۆران ستی",
        "name:ar": "كوران ستي",
        "name:ckb": "گۆران ستی",
        "name:en": "Goran City",
        "place": "neighbourhood",
        "@geometry": "center"
      },
      "geometry": {
        "type": "Point",
        "coordinates": [
          46.0144844,
          35.175737
        ]
      },
      "id": "way/790875601"
    },
    {
      "type": "Feature",
      "properties": {
        "@id": "way/790875602",
        "landuse": "residential",
        "@geometry": "center"
      },
      "geometry": {
        "type": "Point",
        "coordinates": [
          46.0131825,
          35.1787482
        ]
      },
      "id": "way/790875602"
    },
    {
      "type": "Feature",
      "properties": {
        "@id": "way/790976356",
        "landuse": "residential",
        "name": "ئەحمەداوا",
        "residential": "rural",
        "@geometry": "center"
      },
      "geometry": {
        "type": "Point",
        "coordinates": [
          46.0666906,
          35.297318
        ]
      },
      "id": "way/790976356"
    },
    {
      "type": "Feature",
      "properties": {
        "@id": "way/790980316",
        "landuse": "residential",
        "@geometry": "center"
      },
      "geometry": {
        "type": "Point",
        "coordinates": [
          46.1036016,
          35.2913802
        ]
      },
      "id": "way/790980316"
    },
    {
      "type": "Feature",
      "properties": {
        "@id": "way/790980317",
        "landuse": "residential",
        "@geometry": "center"
      },
      "geometry": {
        "type": "Point",
        "coordinates": [
          46.1054423,
          35.2895057
        ]
      },
      "id": "way/790980317"
    },
    {
      "type": "Feature",
      "properties": {
        "@id": "way/790980357",
        "landuse": "residential",
        "@geometry": "center"
      },
      "geometry": {
        "type": "Point",
        "coordinates": [
          46.1025561,
          35.2868549
        ]
      },
      "id": "way/790980357"
    },
    {
      "type": "Feature",
      "properties": {
        "@id": "way/791238875",
        "landuse": "residential",
        "name": "تەوێڵە",
        "residential": "rural",
        "wikidata": "Q5990184",
        "wikipedia": "en:Tawella",
        "@geometry": "center"
      },
      "geometry": {
        "type": "Point",
        "coordinates": [
          46.1865943,
          35.1996507
        ]
      },
      "id": "way/791238875"
    },
    {
      "type": "Feature",
      "properties": {
        "@id": "way/791250598",
        "landuse": "residential",
        "name": "ئیڵانپی",
        "residential": "rural",
        "wikidata": "Q5987473",
        "wikipedia": "ckb:ئێڵانپی",
        "@geometry": "center"
      },
      "geometry": {
        "type": "Point",
        "coordinates": [
          46.0536896,
          35.3390709
        ]
      },
      "id": "way/791250598"
    },
    {
      "type": "Feature",
      "properties": {
        "@id": "way/791297688",
        "landuse": "residential",
        "name": "شیرەمەڕ",
        "residential": "rural",
        "@geometry": "center"
      },
      "geometry": {
        "type": "Point",
        "coordinates": [
          46.0061307,
          35.3194872
        ]
      },
      "id": "way/791297688"
    },
    {
      "type": "Feature",
      "properties": {
        "@id": "way/791299665",
        "landuse": "residential",
        "name": "گێلەک",
        "residential": "rural",
        "@geometry": "center"
      },
      "geometry": {
        "type": "Point",
        "coordinates": [
          45.9838665,
          35.3159864
        ]
      },
      "id": "way/791299665"
    },
    {
      "type": "Feature",
      "properties": {
        "@id": "way/791307733",
        "landuse": "residential",
        "@geometry": "center"
      },
      "geometry": {
        "type": "Point",
        "coordinates": [
          45.9926287,
          35.3049431
        ]
      },
      "id": "way/791307733"
    },
    {
      "type": "Feature",
      "properties": {
        "@id": "way/791307734",
        "landuse": "residential",
        "@geometry": "center"
      },
      "geometry": {
        "type": "Point",
        "coordinates": [
          45.9919367,
          35.303284
        ]
      },
      "id": "way/791307734"
    },
    {
      "type": "Feature",
      "properties": {
        "@id": "way/823731632",
        "highway": "secondary",
        "oneway": "yes",
        "source": "GPS",
        "@geometry": "center"
      },
      "geometry": {
        "type": "Point",
        "coordinates": [
          45.984077,
          35.1779247
        ]
      },
      "id": "way/823731632"
    },
    {
      "type": "Feature",
      "properties": {
        "@id": "way/843990782",
        "bridge": "yes",
        "highway": "secondary",
        "layer": "1",
        "name": "رێگای ئەحمەداوە-زەڵم",
        "name:ckb": "رێگای ئەحمەداوە-زەڵم",
        "name:en": "Ahmadawa-Zalm Road",
        "surface": "asphalt",
        "@geometry": "center"
      },
      "geometry": {
        "type": "Point",
        "coordinates": [
          46.0631493,
          35.3069831
        ]
      },
      "id": "way/843990782"
    },
    {
      "type": "Feature",
      "properties": {
        "@id": "way/843990783",
        "highway": "secondary",
        "name": "رێگای ئەحمەداوە-زەڵم",
        "name:ckb": "رێگای ئەحمەداوە-زەڵم",
        "name:en": "Ahmadawa-Zalm Road",
        "surface": "asphalt",
        "@geometry": "center"
      },
      "geometry": {
        "type": "Point",
        "coordinates": [
          46.0755959,
          35.3115603
        ]
      },
      "id": "way/843990783"
    },
    {
      "type": "Feature",
      "properties": {
        "@id": "way/843990785",
        "bridge": "yes",
        "highway": "secondary",
        "layer": "1",
        "name": "رێگای ئەحمەداوە-زەڵم",
        "name:ckb": "رێگای ئەحمەداوە-زەڵم",
        "name:en": "Ahmadawa-Zalm Road",
        "surface": "asphalt",
        "@geometry": "center"
      },
      "geometry": {
        "type": "Point",
        "coordinates": [
          46.0881746,
          35.3156623
        ]
      },
      "id": "way/843990785"
    },
    {
      "type": "Feature",
      "properties": {
        "@id": "way/843990786",
        "highway": "secondary",
        "name": "رێگای ئەحمەداوە-زەڵم",
        "name:ckb": "رێگای ئەحمەداوە-زەڵم",
        "name:en": "Ahmadawa-Zalm Road",
        "surface": "asphalt",
        "@geometry": "center"
      },
      "geometry": {
        "type": "Point",
        "coordinates": [
          46.0884521,
          35.3099832
        ]
      },
      "id": "way/843990786"
    },
    {
      "type": "Feature",
      "properties": {
        "@id": "way/843990787",
        "bridge": "yes",
        "highway": "secondary",
        "layer": "1",
        "name": "رێگای ئەحمەداوە-زەڵم",
        "name:ckb": "رێگای ئەحمەداوە-زەڵم",
        "name:en": "Ahmadawa-Zalm Road",
        "@geometry": "center"
      },
      "geometry": {
        "type": "Point",
        "coordinates": [
          46.0883683,
          35.3132461
        ]
      },
      "id": "way/843990787"
    },
    {
      "type": "Feature",
      "properties": {
        "@id": "way/843990788",
        "highway": "secondary",
        "name": "رێگای ئەحمەداوە-زەڵم",
        "name:ckb": "رێگای ئەحمەداوە-زەڵم",
        "name:en": "Ahmadawa-Zalm Road",
        "surface": "asphalt",
        "@geometry": "center"
      },
      "geometry": {
        "type": "Point",
        "coordinates": [
          46.088502,
          35.3144641
        ]
      },
      "id": "way/843990788"
    },
    {
      "type": "Feature",
      "properties": {
        "@id": "way/843990790",
        "highway": "secondary",
        "name": "رێگای ئەحمەداوە-زەڵم",
        "name:ckb": "رێگای ئەحمەداوە-زەڵم",
        "name:en": "Ahmadawa-Zalm Road",
        "surface": "asphalt",
        "@geometry": "center"
      },
      "geometry": {
        "type": "Point",
        "coordinates": [
          46.0637876,
          35.3044155
        ]
      },
      "id": "way/843990790"
    },
    {
      "type": "Feature",
      "properties": {
        "@id": "way/850769845",
        "landuse": "residential",
        "@geometry": "center"
      },
      "geometry": {
        "type": "Point",
        "coordinates": [
          46.0150377,
          35.1667341
        ]
      },
      "id": "way/850769845"
    },
    {
      "type": "Feature",
      "properties": {
        "@id": "way/851673490",
        "highway": "secondary",
        "name": "ڕیگای تەوێڵە- نوسود (مەرزی شۆشمێ)",
        "@geometry": "center"
      },
      "geometry": {
        "type": "Point",
        "coordinates": [
          46.1813134,
          35.1866496
        ]
      },
      "id": "way/851673490"
    },
    {
      "type": "Feature",
      "properties": {
        "@id": "way/851738322",
        "highway": "trunk_link",
        "oneway": "yes",
        "surface": "asphalt",
        "@geometry": "center"
      },
      "geometry": {
        "type": "Point",
        "coordinates": [
          45.9742628,
          35.1883712
        ]
      },
      "id": "way/851738322"
    },
    {
      "type": "Feature",
      "properties": {
        "@id": "way/852684374",
        "landuse": "residential",
        "name": "حەسەناوا",
        "name:ckb": "حەسەناوا",
        "residential": "rural",
        "wikidata": "Q61380425",
        "wikipedia": "ckb:حەسەن ئاوا",
        "@geometry": "center"
      },
      "geometry": {
        "type": "Point",
        "coordinates": [
          45.9666218,
          35.1846232
        ]
      },
      "id": "way/852684374"
    },
    {
      "type": "Feature",
      "properties": {
        "@id": "way/852733254",
        "highway": "secondary",
        "@geometry": "center"
      },
      "geometry": {
        "type": "Point",
        "coordinates": [
          46.0603818,
          35.2462807
        ]
      },
      "id": "way/852733254"
    },
    {
      "type": "Feature",
      "properties": {
        "@id": "way/852733255",
        "bridge": "yes",
        "highway": "secondary",
        "layer": "1",
        "@geometry": "center"
      },
      "geometry": {
        "type": "Point",
        "coordinates": [
          46.055249,
          35.2420837
        ]
      },
      "id": "way/852733255"
    },
    {
      "type": "Feature",
      "properties": {
        "@id": "way/857249689",
        "highway": "trunk",
        "maxspeed": "100",
        "oneway": "yes",
        "ref": "180",
        "surface": "asphalt",
        "@geometry": "center"
      },
      "geometry": {
        "type": "Point",
        "coordinates": [
          45.9052728,
          35.3202395
        ]
      },
      "id": "way/857249689"
    },
    {
      "type": "Feature",
      "properties": {
        "@id": "way/857249698",
        "highway": "trunk",
        "maxspeed": "100",
        "oneway": "yes",
        "ref": "180",
        "surface": "asphalt",
        "@geometry": "center"
      },
      "geometry": {
        "type": "Point",
        "coordinates": [
          45.9550981,
          35.2980361
        ]
      },
      "id": "way/857249698"
    },
    {
      "type": "Feature",
      "properties": {
        "@id": "way/857249699",
        "bridge": "yes",
        "highway": "trunk",
        "layer": "1",
        "maxspeed": "100",
        "name": "ڕێگای دوو سایدی هەڵەبجە - سەیدسادق",
        "oneway": "yes",
        "ref": "180",
        "surface": "asphalt",
        "@geometry": "center"
      },
      "geometry": {
        "type": "Point",
        "coordinates": [
          45.9516025,
          35.3034048
        ]
      },
      "id": "way/857249699"
    },
    {
      "type": "Feature",
      "properties": {
        "@id": "way/857249700",
        "bridge": "yes",
        "highway": "trunk",
        "layer": "1",
        "maxspeed": "100",
        "oneway": "yes",
        "ref": "180",
        "surface": "asphalt",
        "@geometry": "center"
      },
      "geometry": {
        "type": "Point",
        "coordinates": [
          45.9514758,
          35.3032235
        ]
      },
      "id": "way/857249700"
    },
    {
      "type": "Feature",
      "properties": {
        "@id": "way/857249701",
        "highway": "trunk",
        "maxspeed": "100",
        "name": "ڕێگای دوو سایدی هەڵەبجە - سەیدسادق",
        "oneway": "yes",
        "ref": "180",
        "sport": "motocross",
        "surface": "asphalt",
        "@geometry": "center"
      },
      "geometry": {
        "type": "Point",
        "coordinates": [
          45.9053612,
          35.3204194
        ]
      },
      "id": "way/857249701"
    },
    {
      "type": "Feature",
      "properties": {
        "@id": "way/858001115",
        "highway": "secondary",
        "name": "baranhawsHawar",
        "oneway": "yes",
        "surface": "asphalt",
        "@geometry": "center"
      },
      "geometry": {
        "type": "Point",
        "coordinates": [
          46.0277806,
          35.1732355
        ]
      },
      "id": "way/858001115"
    },
    {
      "type": "Feature",
      "properties": {
        "@id": "way/858001116",
        "highway": "secondary",
        "name": "baranhawsHawar",
        "oneway": "yes",
        "surface": "asphalt",
        "@geometry": "center"
      },
      "geometry": {
        "type": "Point",
        "coordinates": [
          46.0277819,
          35.1732815
        ]
      },
      "id": "way/858001116"
    },
    {
      "type": "Feature",
      "properties": {
        "@id": "way/878460025",
        "landuse": "residential",
        "@geometry": "center"
      },
      "geometry": {
        "type": "Point",
        "coordinates": [
          45.9705824,
          35.1495024
        ]
      },
      "id": "way/878460025"
    },
    {
      "type": "Feature",
      "properties": {
        "@id": "way/878548423",
        "highway": "primary",
        "name": "رێگای سەیدسادق-خورمال-هەلەبجە",
        "name:ckb": "رێگای سەیدسادق-خورمال-هەلەبجە",
        "name:en": "Saidsadq-Khurmal-Halabja Road",
        "ref": "43",
        "source": "GPS",
        "surface": "asphalt",
        "@geometry": "center"
      },
      "geometry": {
        "type": "Point",
        "coordinates": [
          45.9712174,
          35.3048677
        ]
      },
      "id": "way/878548423"
    },
    {
      "type": "Feature",
      "properties": {
        "@id": "way/878548424",
        "bridge": "yes",
        "highway": "primary",
        "layer": "1",
        "name": "رێگای سەیدسادق-خورمال-هەلەبجە",
        "name:ckb": "رێگای سەیدسادق-خورمال-هەلەبجە",
        "name:en": "Saidsadq-Khurmal-Halabja Road",
        "ref": "43",
        "source": "GPS",
        "surface": "asphalt",
        "@geometry": "center"
      },
      "geometry": {
        "type": "Point",
        "coordinates": [
          45.9705928,
          35.3064698
        ]
      },
      "id": "way/878548424"
    },
    {
      "type": "Feature",
      "properties": {
        "@id": "way/988265228",
        "landuse": "residential",
        "name": "باخی د.کۆسار",
        "residential": "garden",
        "@geometry": "center"
      },
      "geometry": {
        "type": "Point",
        "coordinates": [
          45.9556195,
          35.22538
        ]
      },
      "id": "way/988265228"
    },
    {
      "type": "Feature",
      "properties": {
        "@id": "way/1015605643",
        "highway": "secondary_link",
        "@geometry": "center"
      },
      "geometry": {
        "type": "Point",
        "coordinates": [
          45.997072,
          35.1727763
        ]
      },
      "id": "way/1015605643"
    },
    {
      "type": "Feature",
      "properties": {
        "@id": "way/1019184710",
        "highway": "trunk_link",
        "oneway": "yes",
        "@geometry": "center"
      },
      "geometry": {
        "type": "Point",
        "coordinates": [
          45.9615378,
          35.2120064
        ]
      },
      "id": "way/1019184710"
    },
    {
      "type": "Feature",
      "properties": {
        "@id": "way/1019184711",
        "highway": "trunk_link",
        "oneway": "yes",
        "@geometry": "center"
      },
      "geometry": {
        "type": "Point",
        "coordinates": [
          45.9617287,
          35.2116539
        ]
      },
      "id": "way/1019184711"
    },
    {
      "type": "Feature",
      "properties": {
        "@id": "way/1022606581",
        "highway": "secondary",
        "oneway": "yes",
        "@geometry": "center"
      },
      "geometry": {
        "type": "Point",
        "coordinates": [
          45.9857679,
          35.1773986
        ]
      },
      "id": "way/1022606581"
    },
    {
      "type": "Feature",
      "properties": {
        "@id": "way/1024219890",
        "highway": "secondary_link",
        "@geometry": "center"
      },
      "geometry": {
        "type": "Point",
        "coordinates": [
          45.9954603,
          35.1877323
        ]
      },
      "id": "way/1024219890"
    },
    {
      "type": "Feature",
      "properties": {
        "@id": "way/1024219891",
        "highway": "secondary_link",
        "@geometry": "center"
      },
      "geometry": {
        "type": "Point",
        "coordinates": [
          45.9989188,
          35.1908662
        ]
      },
      "id": "way/1024219891"
    },
    {
      "type": "Feature",
      "properties": {
        "@id": "way/1073108613",
        "highway": "secondary_link",
        "@geometry": "center"
      },
      "geometry": {
        "type": "Point",
        "coordinates": [
          46.0021867,
          35.1697246
        ]
      },
      "id": "way/1073108613"
    },
    {
      "type": "Feature",
      "properties": {
        "@id": "way/1073265368",
        "highway": "secondary_link",
        "@geometry": "center"
      },
      "geometry": {
        "type": "Point",
        "coordinates": [
          46.0012664,
          35.1807526
        ]
      },
      "id": "way/1073265368"
    },
    {
      "type": "Feature",
      "properties": {
        "@id": "way/1073275175",
        "highway": "trunk_link",
        "@geometry": "center"
      },
      "geometry": {
        "type": "Point",
        "coordinates": [
          45.9654326,
          35.204731
        ]
      },
      "id": "way/1073275175"
    },
    {
      "type": "Feature",
      "properties": {
        "@id": "way/1098484815",
        "highway": "secondary",
        "name": "مەرزی شۆشمێ",
        "@geometry": "center"
      },
      "geometry": {
        "type": "Point",
        "coordinates": [
          46.1810165,
          35.1810753
        ]
      },
      "id": "way/1098484815"
    },
    {
      "type": "Feature",
      "properties": {
        "@id": "way/1144163879",
        "landuse": "residential",
        "@geometry": "center"
      },
      "geometry": {
        "type": "Point",
        "coordinates": [
          45.9907892,
          35.185062
        ]
      },
      "id": "way/1144163879"
    },
    {
      "type": "Feature",
      "properties": {
        "@id": "way/1173416765",
        "highway": "trunk",
        "@geometry": "center"
      },
      "geometry": {
        "type": "Point",
        "coordinates": [
          45.9638881,
          35.2075982
        ]
      },
      "id": "way/1173416765"
    },
    {
      "type": "Feature",
      "properties": {
        "@id": "way/1174827076",
        "name": "بەخشین - ماست",
        "name:ar": "بخشين - ماست",
        "name:ckb": "بەخشین - ماست",
        "name:en": "bakhshin - mast",
        "place": "locality",
        "@geometry": "center"
      },
      "geometry": {
        "type": "Point",
        "coordinates": [
          46.1100933,
          35.1623669
        ]
      },
      "id": "way/1174827076"
    },
    {
      "type": "Feature",
      "properties": {
        "@id": "way/1182376399",
        "highway": "trunk_link",
        "@geometry": "center"
      },
      "geometry": {
        "type": "Point",
        "coordinates": [
          45.9676436,
          35.2005717
        ]
      },
      "id": "way/1182376399"
    },
    {
      "type": "Feature",
      "properties": {
        "@id": "way/1185754923",
        "name": "چاڵاوە",
        "name:ckb": "چاڵاوە",
        "place": "village",
        "@geometry": "center"
      },
      "geometry": {
        "type": "Point",
        "coordinates": [
          46.1262359,
          35.2941539
        ]
      },
      "id": "way/1185754923"
    },
    {
      "type": "Feature",
      "properties": {
        "@id": "way/1214336491",
        "highway": "trunk_link",
        "@geometry": "center"
      },
      "geometry": {
        "type": "Point",
        "coordinates": [
          45.9710334,
          35.1941851
        ]
      },
      "id": "way/1214336491"
    },
    {
      "type": "Feature",
      "properties": {
        "@id": "way/1220642906",
        "highway": "trunk",
        "junction": "roundabout",
        "lane_markings": "yes",
        "lanes": "5",
        "oneway": "yes",
        "ref": "180",
        "surface": "asphalt",
        "@geometry": "center"
      },
      "geometry": {
        "type": "Point",
        "coordinates": [
          45.9598167,
          35.2916222
        ]
      },
      "id": "way/1220642906"
    },
    {
      "type": "Feature",
      "properties": {
        "@id": "way/1220642907",
        "highway": "trunk",
        "lanes": "5",
        "name": "رێگای سلێمانی-سەیدسادق-هەلەبجە",
        "name:ckb": "رێگای سلێمانی-سەیدسادق-هەلەبجە",
        "name:en": "Sulaimani-Saidsadq-Halabja Road",
        "oneway": "yes",
        "ref": "180",
        "source": "GPS",
        "surface": "asphalt",
        "@geometry": "center"
      },
      "geometry": {
        "type": "Point",
        "coordinates": [
          45.9591693,
          35.2905791
        ]
      },
      "id": "way/1220642907"
    },
    {
      "type": "Feature",
      "properties": {
        "@id": "way/1220642908",
        "highway": "trunk",
        "lanes": "4",
        "maxspeed": "100",
        "name": "ڕێگای دوو سایدی هەڵەبجە - سەیدسادق",
        "oneway": "yes",
        "ref": "180",
        "surface": "asphalt",
        "@geometry": "center"
      },
      "geometry": {
        "type": "Point",
        "coordinates": [
          45.9551556,
          35.2984036
        ]
      },
      "id": "way/1220642908"
    },
    {
      "type": "Feature",
      "properties": {
        "@id": "way/1220642909",
        "highway": "primary",
        "oneway": "yes",
        "source": "GPS",
        "surface": "asphalt",
        "@geometry": "center"
      },
      "geometry": {
        "type": "Point",
        "coordinates": [
          45.9596641,
          35.2921417
        ]
      },
      "id": "way/1220642909"
    },
    {
      "type": "Feature",
      "properties": {
        "@id": "way/1220642911",
        "highway": "trunk",
        "name": "رێگای سلێمانی-سەیدسادق-هەلەبجە",
        "name:ckb": "رێگای سلێمانی-سەیدسادق-هەلەبجە",
        "name:en": "Sulaimani-Saidsadq-Halabja Road",
        "oneway": "yes",
        "ref": "180",
        "source": "GPS",
        "surface": "asphalt",
        "@geometry": "center"
      },
      "geometry": {
        "type": "Point",
        "coordinates": [
          45.95313,
          35.2402167
        ]
      },
      "id": "way/1220642911"
    },
    {
      "type": "Feature",
      "properties": {
        "@id": "way/1220642912",
        "highway": "trunk",
        "oneway": "yes",
        "ref": "180",
        "surface": "asphalt",
        "@geometry": "center"
      },
      "geometry": {
        "type": "Point",
        "coordinates": [
          45.9592367,
          35.2915645
        ]
      },
      "id": "way/1220642912"
    },
    {
      "type": "Feature",
      "properties": {
        "@id": "way/1220642914",
        "highway": "primary",
        "lanes": "5",
        "oneway": "yes",
        "source": "GPS",
        "surface": "asphalt",
        "@geometry": "center"
      },
      "geometry": {
        "type": "Point",
        "coordinates": [
          45.9608179,
          35.2929336
        ]
      },
      "id": "way/1220642914"
    },
    {
      "type": "Feature",
      "properties": {
        "@id": "way/1220642915",
        "highway": "primary",
        "lanes": "5",
        "oneway": "yes",
        "source": "GPS",
        "surface": "asphalt",
        "@geometry": "center"
      },
      "geometry": {
        "type": "Point",
        "coordinates": [
          45.9608611,
          35.2920914
        ]
      },
      "id": "way/1220642915"
    },
    {
      "type": "Feature",
      "properties": {
        "@id": "way/1220642916",
        "highway": "trunk",
        "lanes": "4",
        "maxspeed": "100",
        "name": "ڕێگای دوو سایدی هەڵەبجە - سەیدسادق",
        "oneway": "yes",
        "ref": "180",
        "surface": "asphalt",
        "@geometry": "center"
      },
      "geometry": {
        "type": "Point",
        "coordinates": [
          45.9590845,
          35.2931526
        ]
      },
      "id": "way/1220642916"
    },
    {
      "type": "Feature",
      "properties": {
        "@id": "way/1221685587",
        "highway": "secondary",
        "name": "رێگای خورمال-ئەحمەداوە",
        "name:ckb": "رێگای خورمال-ئەحمەداوە",
        "name:en": "Khurmal-Ahmadawa Road",
        "@geometry": "center"
      },
      "geometry": {
        "type": "Point",
        "coordinates": [
          46.0646766,
          35.2970224
        ]
      },
      "id": "way/1221685587"
    },
    {
      "type": "Feature",
      "properties": {
        "@id": "way/1221924930",
        "highway": "primary_link",
        "oneway": "yes",
        "@geometry": "center"
      },
      "geometry": {
        "type": "Point",
        "coordinates": [
          45.971879,
          35.30342
        ]
      },
      "id": "way/1221924930"
    },
    {
      "type": "Feature",
      "properties": {
        "@id": "way/1221924931",
        "highway": "primary_link",
        "oneway": "yes",
        "@geometry": "center"
      },
      "geometry": {
        "type": "Point",
        "coordinates": [
          45.9718726,
          35.3034726
        ]
      },
      "id": "way/1221924931"
    },
    {
      "type": "Feature",
      "properties": {
        "@id": "way/1221924932",
        "highway": "primary",
        "name": "رێگای خورمال-ئەحمەداوە-بیارە",
        "name:ckb": "رێگای خورمال-ئەحمەداوە-بیارە",
        "name:en": "Khurmal-Ahmadawa-Byara Road",
        "oneway": "yes",
        "ref": "43",
        "surface": "asphalt",
        "@geometry": "center"
      },
      "geometry": {
        "type": "Point",
        "coordinates": [
          45.9719925,
          35.3036156
        ]
      },
      "id": "way/1221924932"
    },
    {
      "type": "Feature",
      "properties": {
        "@id": "way/1221924933",
        "highway": "primary",
        "name": "رێگای خورمال-ئەحمەداوە-بیارە",
        "name:ckb": "رێگای خورمال-ئەحمەداوە-بیارە",
        "name:en": "Khurmal-Ahmadawa-Byara Road",
        "oneway": "yes",
        "surface": "asphalt",
        "@geometry": "center"
      },
      "geometry": {
        "type": "Point",
        "coordinates": [
          45.9718465,
          35.3032395
        ]
      },
      "id": "way/1221924933"
    },
    {
      "type": "Feature",
      "properties": {
        "@id": "way/1281988687",
        "highway": "trunk_link",
        "oneway": "yes",
        "@geometry": "center"
      },
      "geometry": {
        "type": "Point",
        "coordinates": [
          45.9481492,
          35.3075459
        ]
      },
      "id": "way/1281988687"
    },
    {
      "type": "Feature",
      "properties": {
        "@id": "way/1281988688",
        "highway": "trunk_link",
        "oneway": "yes",
        "@geometry": "center"
      },
      "geometry": {
        "type": "Point",
        "coordinates": [
          45.9484858,
          35.3069821
        ]
      },
      "id": "way/1281988688"
    },
    {
      "type": "Feature",
      "properties": {
        "@id": "way/1281988689",
        "highway": "trunk_link",
        "oneway": "yes",
        "@geometry": "center"
      },
      "geometry": {
        "type": "Point",
        "coordinates": [
          45.9490078,
          35.3074552
        ]
      },
      "id": "way/1281988689"
    },
    {
      "type": "Feature",
      "properties": {
        "@id": "way/1281988690",
        "highway": "trunk_link",
        "oneway": "yes",
        "@geometry": "center"
      },
      "geometry": {
        "type": "Point",
        "coordinates": [
          45.9493538,
          35.3069316
        ]
      },
      "id": "way/1281988690"
    },
    {
      "type": "Feature",
      "properties": {
        "@id": "way/1300910855",
        "highway": "secondary",
        "name": "شەقامی هیرۆشیما",
        "source": "GPS",
        "@geometry": "center"
      },
      "geometry": {
        "type": "Point",
        "coordinates": [
          45.9928802,
          35.1745435
        ]
      },
      "id": "way/1300910855"
    },
    {
      "type": "Feature",
      "properties": {
        "@id": "way/1301078381",
        "landuse": "residential",
        "name": "ھانەوقوڵی",
        "residential": "rural",
        "wikidata": "Q5987476",
        "wikipedia": "ckb:ھانەوقوڵی",
        "@geometry": "center"
      },
      "geometry": {
        "type": "Point",
        "coordinates": [
          46.0516996,
          35.3201916
        ]
      },
      "id": "way/1301078381"
    },
    {
      "type": "Feature",
      "properties": {
        "@id": "way/1301081137",
        "landuse": "residential",
        "name": "کشەدەری",
        "residential": "rural",
        "wikidata": "Q61380965",
        "wikipedia": "ckb:کشەدەری",
        "@geometry": "center"
      },
      "geometry": {
        "type": "Point",
        "coordinates": [
          45.9467036,
          35.3073611
        ]
      },
      "id": "way/1301081137"
    },
    {
      "type": "Feature",
      "properties": {
        "@id": "way/1301084123",
        "landuse": "residential",
        "name": "تەپەسەرقوڵە",
        "residential": "rural",
        "wikidata": "Q61380365",
        "wikipedia": "ckb:تەپەسەرقوڵە",
        "@geometry": "center"
      },
      "geometry": {
        "type": "Point",
        "coordinates": [
          45.9548882,
          35.3069024
        ]
      },
      "id": "way/1301084123"
    },
    {
      "type": "Feature",
      "properties": {
        "@id": "way/1301085609",
        "landuse": "residential",
        "name": "تەپە ڕێزینە",
        "residential": "rural",
        "wikidata": "Q61380792",
        "wikipedia": "ckb:تەپەڕێزینە",
        "@geometry": "center"
      },
      "geometry": {
        "type": "Point",
        "coordinates": [
          45.9666896,
          35.3121906
        ]
      },
      "id": "way/1301085609"
    },
    {
      "type": "Feature",
      "properties": {
        "@id": "way/1301086351",
        "landuse": "residential",
        "name": "گردی قازی",
        "residential": "rural",
        "wikidata": "Q61380989",
        "wikipedia": "ckb:گردی قازی",
        "@geometry": "center"
      },
      "geometry": {
        "type": "Point",
        "coordinates": [
          45.9703279,
          35.3114804
        ]
      },
      "id": "way/1301086351"
    },
    {
      "type": "Feature",
      "properties": {
        "@id": "way/1301086997",
        "landuse": "residential",
        "name": "گردی گۆ",
        "residential": "rural",
        "wikidata": "Q61380626",
        "wikipedia": "ckb:گردی گۆ",
        "@geometry": "center"
      },
      "geometry": {
        "type": "Point",
        "coordinates": [
          45.9696985,
          35.3027426
        ]
      },
      "id": "way/1301086997"
    },
    {
      "type": "Feature",
      "properties": {
        "@id": "way/1301088993",
        "landuse": "residential",
        "name": "ئاوایی حەمەی فەرەج",
        "residential": "rural",
        "wikidata": "Q61380757",
        "wikipedia": "ckb:ئاوایی حەمەی فەرەج",
        "@geometry": "center"
      },
      "geometry": {
        "type": "Point",
        "coordinates": [
          46.0052179,
          35.3099202
        ]
      },
      "id": "way/1301088993"
    },
    {
      "type": "Feature",
      "properties": {
        "@id": "way/1301089517",
        "landuse": "residential",
        "name": "تازە دێ",
        "residential": "rural",
        "wikidata": "Q61380791",
        "wikipedia": "ckb:تازەدێ، خورماڵ",
        "@geometry": "center"
      },
      "geometry": {
        "type": "Point",
        "coordinates": [
          46.0058634,
          35.2970142
        ]
      },
      "id": "way/1301089517"
    },
    {
      "type": "Feature",
      "properties": {
        "@id": "way/1301150162",
        "landuse": "residential",
        "name": "شەشکی خواروو",
        "residential": "rural",
        "wikidata": "Q61380907",
        "wikipedia": "ckb:شەشکی خواروو",
        "@geometry": "center"
      },
      "geometry": {
        "type": "Point",
        "coordinates": [
          45.9911735,
          35.2744162
        ]
      },
      "id": "way/1301150162"
    },
    {
      "type": "Feature",
      "properties": {
        "@id": "way/1301151649",
        "landuse": "residential",
        "name": "تەپە کوڕە",
        "residential": "rural",
        "wikidata": "Q61380803",
        "wikipedia": "ckb:تەپەکوڕە",
        "@geometry": "center"
      },
      "geometry": {
        "type": "Point",
        "coordinates": [
          45.9945364,
          35.2553259
        ]
      },
      "id": "way/1301151649"
    },
    {
      "type": "Feature",
      "properties": {
        "@id": "way/1301152836",
        "landuse": "residential",
        "name": "قشڵاغەڕووتە",
        "residential": "rural",
        "wikidata": "Q61380559",
        "wikipedia": "ckb:قشڵاغەڕووتە",
        "@geometry": "center"
      },
      "geometry": {
        "type": "Point",
        "coordinates": [
          45.9906768,
          35.2413319
        ]
      },
      "id": "way/1301152836"
    },
    {
      "type": "Feature",
      "properties": {
        "@id": "way/1301153466",
        "landuse": "residential",
        "name": "خێڵی حەمە",
        "residential": "rural",
        "wikidata": "Q5988804",
        "wikipedia": "ckb:خێڵی حەمە",
        "@geometry": "center"
      },
      "geometry": {
        "type": "Point",
        "coordinates": [
          46.0093655,
          35.2623237
        ]
      },
      "id": "way/1301153466"
    },
    {
      "type": "Feature",
      "properties": {
        "@id": "way/1301247262",
        "landuse": "residential",
        "name": "لامەرکەزی",
        "residential": "rural",
        "wikidata": "Q61380650",
        "wikipedia": "ckb:لامەرکەزی، ھەڵەبجە",
        "@geometry": "center"
      },
      "geometry": {
        "type": "Point",
        "coordinates": [
          45.949626,
          35.2846053
        ]
      },
      "id": "way/1301247262"
    },
    {
      "type": "Feature",
      "properties": {
        "@id": "way/1301247771",
        "landuse": "residential",
        "name": "شەکڕاڵی",
        "residential": "rural",
        "wikidata": "Q61380909",
        "wikipedia": "ckb:شەکڕاڵی",
        "@geometry": "center"
      },
      "geometry": {
        "type": "Point",
        "coordinates": [
          45.958742,
          35.2815161
        ]
      },
      "id": "way/1301247771"
    },
    {
      "type": "Feature",
      "properties": {
        "@id": "way/1301255334",
        "landuse": "residential",
        "name": "تەپی سەفای خواروو",
        "residential": "rural",
        "wikidata": "Q61380813",
        "wikipedia": "ckb:تەپی سەفای خواروو",
        "@geometry": "center"
      },
      "geometry": {
        "type": "Point",
        "coordinates": [
          45.9799396,
          35.2873103
        ]
      },
      "id": "way/1301255334"
    },
    {
      "type": "Feature",
      "properties": {
        "@id": "way/1301291208",
        "landuse": "residential",
        "name": "شەشکی سەروو",
        "residential": "rural",
        "wikidata": "Q61380884",
        "wikipedia": "ckb:شەشکی سەروو",
        "@geometry": "center"
      },
      "geometry": {
        "type": "Point",
        "coordinates": [
          45.9866926,
          35.2773934
        ]
      },
      "id": "way/1301291208"
    },
    {
      "type": "Feature",
      "properties": {
        "@id": "way/1301293028",
        "landuse": "residential",
        "name": "خارگێڵان",
        "residential": "rural",
        "wikidata": "Q5987447",
        "wikipedia": "ckb:خارگێڵان",
        "@geometry": "center"
      },
      "geometry": {
        "type": "Point",
        "coordinates": [
          46.0563667,
          35.2430574
        ]
      },
      "id": "way/1301293028"
    },
    {
      "type": "Feature",
      "properties": {
        "@id": "way/1301299787",
        "landuse": "residential",
        "name": "کانی گوێز",
        "residential": "rural",
        "wikidata": "Q61380589",
        "wikipedia": "ckb:کانی گوێز، ھەڵەبجە",
        "@geometry": "center"
      },
      "geometry": {
        "type": "Point",
        "coordinates": [
          46.05286,
          35.1285676
        ]
      },
      "id": "way/1301299787"
    },
    {
      "type": "Feature",
      "properties": {
        "@id": "way/1301301172",
        "landuse": "residential",
        "name": "پریسی سەروو",
        "residential": "rural",
        "wikidata": "Q61380298",
        "wikipedia": "ckb:پریسی سەروو",
        "@geometry": "center"
      },
      "geometry": {
        "type": "Point",
        "coordinates": [
          45.9428146,
          35.1595898
        ]
      },
      "id": "way/1301301172"
    },
    {
      "type": "Feature",
      "properties": {
        "@id": "way/1301302367",
        "landuse": "residential",
        "name": "گوندە",
        "residential": "rural",
        "wikidata": "Q61380639",
        "wikipedia": "ckb:گوندە",
        "@geometry": "center"
      },
      "geometry": {
        "type": "Point",
        "coordinates": [
          45.9040773,
          35.1481489
        ]
      },
      "id": "way/1301302367"
    },
    {
      "type": "Feature",
      "properties": {
        "@id": "way/1301365136",
        "landuse": "residential",
        "name": "غوڵامی سەروو",
        "residential": "rural",
        "wikidata": "Q61380538",
        "wikipedia": "ckb:غوڵامی سەروو",
        "@geometry": "center"
      },
      "geometry": {
        "type": "Point",
        "coordinates": [
          45.878929,
          35.1803879
        ]
      },
      "id": "way/1301365136"
    },
    {
      "type": "Feature",
      "properties": {
        "@id": "way/1301367864",
        "landuse": "residential",
        "name": "گورگەچیا",
        "residential": "rural",
        "wikidata": "Q61380637",
        "wikipedia": "ckb:گورگەچیا، ھەڵەبجە",
        "@geometry": "center"
      },
      "geometry": {
        "type": "Point",
        "coordinates": [
          45.9088781,
          35.22375
        ]
      },
      "id": "way/1301367864"
    },
    {
      "type": "Feature",
      "properties": {
        "@id": "way/1301374467",
        "landuse": "residential",
        "name": "دەڵێنی",
        "residential": "rural",
        "wikidata": "Q61380463",
        "wikipedia": "ckb:دەڵێنی",
        "@geometry": "center"
      },
      "geometry": {
        "type": "Point",
        "coordinates": [
          45.9555125,
          35.2319628
        ]
      },
      "id": "way/1301374467"
    },
    {
      "type": "Feature",
      "properties": {
        "@id": "way/1301442964",
        "landuse": "residential",
        "name": "حەمەوغان",
        "residential": "rural",
        "wikidata": "Q61380445",
        "wikipedia": "ckb:حەمەوغان",
        "@geometry": "center"
      },
      "geometry": {
        "type": "Point",
        "coordinates": [
          45.9711946,
          35.2091308
        ]
      },
      "id": "way/1301442964"
    },
    {
      "type": "Feature",
      "properties": {
        "@id": "way/1301447823",
        "landuse": "residential",
        "name": "باوەکۆچک",
        "residential": "rural",
        "wikidata": "Q61380218",
        "wikipedia": "ckb:باوەکۆچک",
        "@geometry": "center"
      },
      "geometry": {
        "type": "Point",
        "coordinates": [
          45.981059,
          35.156178
        ]
      },
      "id": "way/1301447823"
    },
    {
      "type": "Feature",
      "properties": {
        "@id": "way/1301823342",
        "highway": "primary_link",
        "@geometry": "center"
      },
      "geometry": {
        "type": "Point",
        "coordinates": [
          46.0351823,
          35.2996776
        ]
      },
      "id": "way/1301823342"
    },
    {
      "type": "Feature",
      "properties": {
        "@id": "way/1301823343",
        "highway": "primary_link",
        "oneway": "yes",
        "@geometry": "center"
      },
      "geometry": {
        "type": "Point",
        "coordinates": [
          46.0348242,
          35.2997686
        ]
      },
      "id": "way/1301823343"
    },
    {
      "type": "Feature",
      "properties": {
        "@id": "way/1301823348",
        "highway": "primary_link",
        "oneway": "yes",
        "@geometry": "center"
      },
      "geometry": {
        "type": "Point",
        "coordinates": [
          46.0377392,
          35.2979707
        ]
      },
      "id": "way/1301823348"
    },
    {
      "type": "Feature",
      "properties": {
        "@id": "way/1303765843",
        "highway": "secondary_link",
        "@geometry": "center"
      },
      "geometry": {
        "type": "Point",
        "coordinates": [
          46.0468157,
          35.2960927
        ]
      },
      "id": "way/1303765843"
    },
    {
      "type": "Feature",
      "properties": {
        "@id": "way/1304659822",
        "highway": "trunk_link",
        "oneway": "yes",
        "@geometry": "center"
      },
      "geometry": {
        "type": "Point",
        "coordinates": [
          45.9554327,
          35.2978473
        ]
      },
      "id": "way/1304659822"
    },
    {
      "type": "Feature",
      "properties": {
        "@id": "way/1304659823",
        "highway": "trunk_link",
        "oneway": "yes",
        "@geometry": "center"
      },
      "geometry": {
        "type": "Point",
        "coordinates": [
          45.954942,
          35.2984879
        ]
      },
      "id": "way/1304659823"
    },
    {
      "type": "Feature",
      "properties": {
        "@id": "way/1304791100",
        "highway": "trunk_link",
        "oneway": "yes",
        "@geometry": "center"
      },
      "geometry": {
        "type": "Point",
        "coordinates": [
          45.9360714,
          35.3177616
        ]
      },
      "id": "way/1304791100"
    },
    {
      "type": "Feature",
      "properties": {
        "@id": "way/1304791101",
        "highway": "trunk_link",
        "oneway": "yes",
        "@geometry": "center"
      },
      "geometry": {
        "type": "Point",
        "coordinates": [
          45.936814,
          35.3173067
        ]
      },
      "id": "way/1304791101"
    },
    {
      "type": "Feature",
      "properties": {
        "@id": "way/1304791102",
        "highway": "trunk_link",
        "oneway": "yes",
        "@geometry": "center"
      },
      "geometry": {
        "type": "Point",
        "coordinates": [
          45.9453089,
          35.3109876
        ]
      },
      "id": "way/1304791102"
    },
    {
      "type": "Feature",
      "properties": {
        "@id": "way/1304791103",
        "highway": "trunk_link",
        "oneway": "yes",
        "@geometry": "center"
      },
      "geometry": {
        "type": "Point",
        "coordinates": [
          45.945853,
          35.3104735
        ]
      },
      "id": "way/1304791103"
    },
    {
      "type": "Feature",
      "properties": {
        "@id": "way/1315473670",
        "highway": "primary",
        "name": "Bazar Street",
        "oneway": "yes",
        "ref": "43",
        "surface": "asphalt",
        "@geometry": "center"
      },
      "geometry": {
        "type": "Point",
        "coordinates": [
          46.1854769,
          35.1998118
        ]
      },
      "id": "way/1315473670"
    },
    {
      "type": "Feature",
      "properties": {
        "@id": "way/1315473671",
        "highway": "primary",
        "name": "Bazar Street",
        "oneway": "yes",
        "ref": "43",
        "surface": "asphalt",
        "@geometry": "center"
      },
      "geometry": {
        "type": "Point",
        "coordinates": [
          46.1854769,
          35.1998118
        ]
      },
      "id": "way/1315473671"
    },
    {
      "type": "Feature",
      "properties": {
        "@id": "way/1315473713",
        "highway": "secondary",
        "name": "مەرزی شۆشمێ",
        "@geometry": "center"
      },
      "geometry": {
        "type": "Point",
        "coordinates": [
          46.1807378,
          35.1817459
        ]
      },
      "id": "way/1315473713"
    },
    {
      "type": "Feature",
      "properties": {
        "@id": "way/1317361378",
        "highway": "secondary",
        "lanes": "1",
        "name": "Sarwarani 2",
        "oneway": "no",
        "surface": "asphalt",
        "@geometry": "center"
      },
      "geometry": {
        "type": "Point",
        "coordinates": [
          45.968314,
          35.1850101
        ]
      },
      "id": "way/1317361378"
    },
    {
      "type": "Feature",
      "properties": {
        "@id": "way/1317361379",
        "highway": "secondary_link",
        "oneway": "yes",
        "@geometry": "center"
      },
      "geometry": {
        "type": "Point",
        "coordinates": [
          45.9738491,
          35.178041
        ]
      },
      "id": "way/1317361379"
    },
    {
      "type": "Feature",
      "properties": {
        "@id": "way/1319053672",
        "highway": "trunk_link",
        "@geometry": "center"
      },
      "geometry": {
        "type": "Point",
        "coordinates": [
          45.9767023,
          35.1860121
        ]
      },
      "id": "way/1319053672"
    },
    {
      "type": "Feature",
      "properties": {
        "@id": "way/1319056141",
        "highway": "secondary",
        "name": "شەقامی حەسەن زیرەک",
        "name:en": "Hasan Zirak Str.",
        "oneway": "yes",
        "@geometry": "center"
      },
      "geometry": {
        "type": "Point",
        "coordinates": [
          46.0051061,
          35.1771494
        ]
      },
      "id": "way/1319056141"
    },
    {
      "type": "Feature",
      "properties": {
        "@id": "way/1328423364",
        "highway": "secondary_link",
        "@geometry": "center"
      },
      "geometry": {
        "type": "Point",
        "coordinates": [
          46.0251887,
          35.1729595
        ]
      },
      "id": "way/1328423364"
    },
    {
      "type": "Feature",
      "properties": {
        "@id": "way/1328641883",
        "highway": "secondary_link",
        "@geometry": "center"
      },
      "geometry": {
        "type": "Point",
        "coordinates": [
          45.9976548,
          35.1944315
        ]
      },
      "id": "way/1328641883"
    },
    {
      "type": "Feature",
      "properties": {
        "@id": "way/1328641884",
        "highway": "secondary_link",
        "@geometry": "center"
      },
      "geometry": {
        "type": "Point",
        "coordinates": [
          45.9890375,
          35.1943149
        ]
      },
      "id": "way/1328641884"
    },
    {
      "type": "Feature",
      "properties": {
        "@id": "way/1340808946",
        "highway": "secondary_link",
        "@geometry": "center"
      },
      "geometry": {
        "type": "Point",
        "coordinates": [
          46.0428811,
          35.2962727
        ]
      },
      "id": "way/1340808946"
    },
    {
      "type": "Feature",
      "properties": {
        "@id": "way/1340815395",
        "highway": "primary_link",
        "@geometry": "center"
      },
      "geometry": {
        "type": "Point",
        "coordinates": [
          46.0319586,
          35.300201
        ]
      },
      "id": "way/1340815395"
    },
    {
      "type": "Feature",
      "properties": {
        "@id": "way/1340815396",
        "highway": "primary_link",
        "@geometry": "center"
      },
      "geometry": {
        "type": "Point",
        "coordinates": [
          46.0295016,
          35.3006841
        ]
      },
      "id": "way/1340815396"
    },
    {
      "type": "Feature",
      "properties": {
        "@id": "way/1340868358",
        "highway": "secondary_link",
        "@geometry": "center"
      },
      "geometry": {
        "type": "Point",
        "coordinates": [
          46.0389243,
          35.2974428
        ]
      },
      "id": "way/1340868358"
    },
    {
      "type": "Feature",
      "properties": {
        "@id": "way/1340868366",
        "highway": "secondary_link",
        "@geometry": "center"
      },
      "geometry": {
        "type": "Point",
        "coordinates": [
          46.0518312,
          35.2962402
        ]
      },
      "id": "way/1340868366"
    },
    {
      "type": "Feature",
      "properties": {
        "@id": "way/1340868368",
        "highway": "secondary_link",
        "@geometry": "center"
      },
      "geometry": {
        "type": "Point",
        "coordinates": [
          46.058115,
          35.2964214
        ]
      },
      "id": "way/1340868368"
    },
    {
      "type": "Feature",
      "properties": {
        "@id": "way/1340870414",
        "highway": "primary_link",
        "@geometry": "center"
      },
      "geometry": {
        "type": "Point",
        "coordinates": [
          46.0380095,
          35.2968348
        ]
      },
      "id": "way/1340870414"
    },
    {
      "type": "Feature",
      "properties": {
        "@id": "way/1347619410",
        "highway": "trunk_link",
        "oneway": "yes",
        "@geometry": "center"
      },
      "geometry": {
        "type": "Point",
        "coordinates": [
          45.9352355,
          35.2692959
        ]
      },
      "id": "way/1347619410"
    },
    {
      "type": "Feature",
      "properties": {
        "@id": "way/1347619411",
        "highway": "trunk_link",
        "oneway": "yes",
        "@geometry": "center"
      },
      "geometry": {
        "type": "Point",
        "coordinates": [
          45.9363354,
          35.2702776
        ]
      },
      "id": "way/1347619411"
    },
    {
      "type": "Feature",
      "properties": {
        "@id": "way/1347619412",
        "highway": "trunk_link",
        "oneway": "yes",
        "@geometry": "center"
      },
      "geometry": {
        "type": "Point",
        "coordinates": [
          45.9498826,
          35.2338612
        ]
      },
      "id": "way/1347619412"
    },
    {
      "type": "Feature",
      "properties": {
        "@id": "way/1347619413",
        "highway": "trunk_link",
        "oneway": "yes",
        "@geometry": "center"
      },
      "geometry": {
        "type": "Point",
        "coordinates": [
          45.9505611,
          35.2326856
        ]
      },
      "id": "way/1347619413"
    },
    {
      "type": "Feature",
      "properties": {
        "@id": "way/1409111408",
        "highway": "trunk_link",
        "oneway": "yes",
        "@geometry": "center"
      },
      "geometry": {
        "type": "Point",
        "coordinates": [
          45.9509008,
          35.2323583
        ]
      },
      "id": "way/1409111408"
    },
    {
      "type": "Feature",
      "properties": {
        "@id": "way/1409111409",
        "highway": "trunk_link",
        "oneway": "yes",
        "@geometry": "center"
      },
      "geometry": {
        "type": "Point",
        "coordinates": [
          45.9505414,
          35.2322983
        ]
      },
      "id": "way/1409111409"
    },
    {
      "type": "Feature",
      "properties": {
        "@id": "way/1434129649",
        "highway": "secondary_link",
        "oneway": "yes",
        "@geometry": "center"
      },
      "geometry": {
        "type": "Point",
        "coordinates": [
          46.003204,
          35.1942254
        ]
      },
      "id": "way/1434129649"
    },
    {
      "type": "Feature",
      "properties": {
        "@id": "way/1434129650",
        "highway": "secondary_link",
        "oneway": "yes",
        "@geometry": "center"
      },
      "geometry": {
        "type": "Point",
        "coordinates": [
          46.0028171,
          35.1938872
        ]
      },
      "id": "way/1434129650"
    },
    {
      "type": "Feature",
      "properties": {
        "@id": "way/1434134147",
        "highway": "trunk_link",
        "oneway": "yes",
        "@geometry": "center"
      },
      "geometry": {
        "type": "Point",
        "coordinates": [
          45.9572948,
          35.2204831
        ]
      },
      "id": "way/1434134147"
    },
    {
      "type": "Feature",
      "properties": {
        "@id": "way/1434134148",
        "highway": "trunk_link",
        "oneway": "yes",
        "@geometry": "center"
      },
      "geometry": {
        "type": "Point",
        "coordinates": [
          45.9573742,
          35.2202515
        ]
      },
      "id": "way/1434134148"
    },
    {
      "type": "Feature",
      "properties": {
        "@id": "way/1538504574",
        "landuse": "residential",
        "@geometry": "center"
      },
      "geometry": {
        "type": "Point",
        "coordinates": [
          46.0365716,
          35.2995238
        ]
      },
      "id": "way/1538504574"
    },
    {
      "type": "Feature",
      "properties": {
        "@id": "way/1540646668",
        "addr:city": "هەڵەبجە",
        "addr:district": "شارۆچکەی ناوەندیی هەڵەبجە",
        "addr:province": "پارێزگای هەڵەبجە",
        "addr:state": "کوردستان",
        "fee": "no",
        "leisure": "sports_centre",
        "name": "Halabja Sports Complex",
        "sport": "minisoccer;swimming",
        "@geometry": "center"
      },
      "geometry": {
        "type": "Point",
        "coordinates": [
          45.9699032,
          35.1981365
        ]
      },
      "id": "way/1540646668"
    },
    {
      "type": "Feature",
      "properties": {
        "@id": "way/1550027111",
        "highway": "primary",
        "name": "رێگای خورمال-ئەحمەداوە-بیارە",
        "name:ckb": "رێگای خورمال-ئەحمەداوە-بیارە",
        "name:en": "Khurmal-Ahmadawa-Byara Road",
        "oneway": "yes",
        "ref": "43",
        "surface": "asphalt",
        "@geometry": "center"
      },
      "geometry": {
        "type": "Point",
        "coordinates": [
          45.9721277,
          35.3034024
        ]
      },
      "id": "way/1550027111"
    },
    {
      "type": "Feature",
      "properties": {
        "@id": "node/2267760082",
        "capital": "7",
        "int_name": "Sirwan, سيروان",
        "name": "سیروان",
        "name:ar": "سيروان",
        "name:ckb": "سیروان",
        "name:en": "Sirwan",
        "name:fa": "سیروان",
        "name:ku": "Sîrwan",
        "place": "town",
        "wikidata": "Q61380724",
        "wikipedia": "ckb:سیروان، ھەڵەبجە"
      },
      "geometry": {
        "type": "Point",
        "coordinates": [
          45.9399393,
          35.2541654
        ]
      },
      "id": "node/2267760082"
    },
    {
      "type": "Feature",
      "properties": {
        "@id": "node/2267760414",
        "capital": "7",
        "name": "خورماڵ",
        "name:ar": "خورمال",
        "name:ckb": "خورماڵ",
        "name:en": "Khurmal",
        "name:fa": "خورمال",
        "name:ku": "Xurmall",
        "name:ml": "ഖൂർമാൽ",
        "name:ru": "Хурмаль",
        "place": "town",
        "wikidata": "Q14653839",
        "wikipedia": "ckb:خورماڵ"
      },
      "geometry": {
        "type": "Point",
        "coordinates": [
          46.0359366,
          35.2986266
        ]
      },
      "id": "node/2267760414"
    },
    {
      "type": "Feature",
      "properties": {
        "@id": "node/2267760537",
        "name": "باخەکۆن",
        "name:ar": "باخَكون",
        "name:ckb": "باخەکۆن",
        "name:en": "Bakhakon",
        "name:ku": "Baxekon",
        "place": "village",
        "wikidata": "Q5987455",
        "wikipedia": "ckb:باخەکۆن"
      },
      "geometry": {
        "type": "Point",
        "coordinates": [
          46.1061748,
          35.2656298
        ]
      },
      "id": "node/2267760537"
    },
    {
      "type": "Feature",
      "properties": {
        "@id": "node/2480122886",
        "name": "پریسی خواروو",
        "name:ar": "بریسي السفلی",
        "name:ckb": "پریسی خواروو",
        "name:de": "Prisi Lower",
        "name:en": "Prisi Lower",
        "name:fr": "Prisi Lower",
        "place": "village",
        "wikidata": "Q61380286",
        "wikipedia": "ckb:پریسی خواروو"
      },
      "geometry": {
        "type": "Point",
        "coordinates": [
          45.93647,
          35.1943977
        ]
      },
      "id": "node/2480122886"
    },
    {
      "type": "Feature",
      "properties": {
        "@id": "node/2480122903",
        "name": "هانەسوورە",
        "name:ar": "هانسورة",
        "name:ckb": "هانەسوورە",
        "name:en": "Hanasura",
        "name:ku": "Hanesûre",
        "place": "village",
        "wikidata": "Q61380718",
        "wikipedia": "ckb:ھانەسوورە"
      },
      "geometry": {
        "type": "Point",
        "coordinates": [
          45.9402526,
          35.1492662
        ]
      },
      "id": "node/2480122903"
    },
    {
      "type": "Feature",
      "properties": {
        "@id": "node/2480122916",
        "alt_name": "تریفە",
        "is_in": "Iraq , جمهورية العراق",
        "name": "تریفە",
        "name:ar": "تریفة",
        "name:ckb": "تریفە",
        "name:de": "Trifa",
        "name:en": "Trifa",
        "name:fr": "Trifa",
        "place": "village",
        "wikidata": "Q61380336",
        "wikipedia": "ckb:تریفە، ھەڵەبجە"
      },
      "geometry": {
        "type": "Point",
        "coordinates": [
          45.9585944,
          35.15581
        ]
      },
      "id": "node/2480122916"
    },
    {
      "type": "Feature",
      "properties": {
        "@id": "node/2480123639",
        "name": "تەوێڵە",
        "name:ar": "تویلە",
        "name:ckb": "تەوێڵە",
        "name:en": "Tawela",
        "name:fa": "تویلە",
        "name:hac": "تەۋێڵێ",
        "name:ku": "Tewêle",
        "name:ml": "തവേല",
        "place": "town",
        "wikidata": "Q5990184",
        "wikipedia": "ckb:تەوێڵە"
      },
      "geometry": {
        "type": "Point",
        "coordinates": [
          46.186111,
          35.199444
        ]
      },
      "id": "node/2480123639"
    },
    {
      "type": "Feature",
      "properties": {
        "@id": "node/2480123694",
        "name": "سۆسەکان",
        "name:ar": "سوسةکان",
        "name:ckb": "سۆسەکان",
        "name:en": "Sosakan",
        "name:ku": "Sosekan",
        "place": "village",
        "wikidata": "Q5987416",
        "wikipedia": "ckb:سۆسەکان"
      },
      "geometry": {
        "type": "Point",
        "coordinates": [
          46.1684305,
          35.1823328
        ]
      },
      "id": "node/2480123694"
    },
    {
      "type": "Feature",
      "properties": {
        "@id": "node/2480125601",
        "alt_name": "مروالي",
        "int_name": "Mirawli, Mirwālī, مروالي, Mirawli, Mirwali, مروالي",
        "is_in": "Iraq , جمهورية العراق",
        "name": "میراولی",
        "name:ar": "میروالي",
        "name:ar1": "مروالي",
        "name:ckb": "میراولی",
        "name:de": "Mirawli",
        "name:en": "Mirawli",
        "name:fr": "Mirawli",
        "place": "village",
        "wikidata": "Q61380678",
        "wikipedia": "ckb:میراولی، ھەڵەبجە"
      },
      "geometry": {
        "type": "Point",
        "coordinates": [
          45.8779441,
          35.1548654
        ]
      },
      "id": "node/2480125601"
    },
    {
      "type": "Feature",
      "properties": {
        "@id": "node/2480125604",
        "name": "نەوەر",
        "name:ar": "نور",
        "name:ckb": "نەوەر",
        "name:en": "Nawar",
        "name:ku": "Newer",
        "place": "village",
        "wikidata": "Q61380687",
        "wikipedia": "ckb:نەوەر"
      },
      "geometry": {
        "type": "Point",
        "coordinates": [
          45.8829957,
          35.131173
        ]
      },
      "id": "node/2480125604"
    },
    {
      "type": "Feature",
      "properties": {
        "@id": "node/2480125707",
        "alt_name": "بشن بيرك",
        "int_name": "Bash ē Pīrak, Bash Pirak, Bashan Bīrk, بشن بيرك, Bash e Pirak, Bash Pirak, Bashan Birk, بشن بيرك",
        "is_in": "Iraq , جمهورية العراق",
        "name": "بەشی پیرک",
        "name:ar": "بشي بیرک",
        "name:ar1": "بشن بيرك",
        "name:de": "Bashi Pirk",
        "name:en": "Bashi Pirk",
        "name:fr": "Bashi Pirk",
        "place": "village",
        "wikidata": "Q61380244",
        "wikipedia": "ckb:بەشی پیرک"
      },
      "geometry": {
        "type": "Point",
        "coordinates": [
          45.850429,
          35.1364501
        ]
      },
      "id": "node/2480125707"
    },
    {
      "type": "Feature",
      "properties": {
        "@id": "node/2480125728",
        "alt_name": "مام شهيد",
        "int_name": "Mam Shahid, Mām Shahīd, مام شهيد, Mam Shahid, Mam Shahid, مام شهيد",
        "is_in": "Iraq , جمهورية العراق",
        "name": "مامەشەیی",
        "name:ar": "مامةشایي",
        "name:ar1": "مام شهيد",
        "name:de": "Mama Shaiy",
        "name:en": "Mama Shaiy",
        "name:fr": "Mama Shaiy",
        "place": "village",
        "wikidata": "Q61380670",
        "wikipedia": "ckb:مامەشەیی"
      },
      "geometry": {
        "type": "Point",
        "coordinates": [
          45.8432528,
          35.1568529
        ]
      },
      "id": "node/2480125728"
    },
    {
      "type": "Feature",
      "properties": {
        "@id": "node/2480125729",
        "name": "قارەمانی",
        "name:ar": "قارماني",
        "name:ckb": "قارەمانی",
        "name:en": "Qaramani",
        "name:ku": "Qaremanî",
        "place": "village",
        "wikidata": "Q61380546",
        "wikipedia": "ckb:قارەمانی"
      },
      "geometry": {
        "type": "Point",
        "coordinates": [
          45.8633142,
          35.174782
        ]
      },
      "id": "node/2480125729"
    },
    {
      "type": "Feature",
      "properties": {
        "@id": "node/2480126192",
        "alt_name": "جروستانة",
        "int_name": "Chūristāna, Jurūstānah, جروستانة, Churistana, Jurustanah, جروستانة",
        "is_in": "Iraq , جمهورية العراق",
        "name": "چروستان",
        "name:ar": "جروستان",
        "name:ckb": "چرۆستان",
        "name:de": "Churistan",
        "name:en": "Churistan",
        "name:fr": "Churistan",
        "place": "village",
        "wikidata": "Q61380414",
        "wikipedia": "ckb:چروستانی سەروو"
      },
      "geometry": {
        "type": "Point",
        "coordinates": [
          45.8939683,
          35.1575342
        ]
      },
      "id": "node/2480126192"
    },
    {
      "type": "Feature",
      "properties": {
        "@id": "node/2480126193",
        "alt_name": "كوندة",
        "int_name": "Guna, Gunda, Kūndah, كونده, Guna, Gunda, Kundah, كونده",
        "is_in": "Iraq , جمهورية العراق",
        "name": "گوندە",
        "name:ar": "كوندة",
        "name:ar1": "كوندة",
        "name:ckb": "گوندە",
        "name:en": "Gunda",
        "name:fr": "Gunda",
        "place": "village",
        "wikidata": "Q61380639",
        "wikipedia": "ckb:گوندە"
      },
      "geometry": {
        "type": "Point",
        "coordinates": [
          45.9042224,
          35.1478438
        ]
      },
      "id": "node/2480126193"
    },
    {
      "type": "Feature",
      "properties": {
        "@id": "node/2480126194",
        "alt_name": "كاني كروشكان",
        "int_name": "Kānī Karwashkān, Kani Karweshkan, Kānī Karwēshkān, كاني كروشكان, Kani Karwashkan, Kani Karweshkan, Kani Karweshkan, كاني كروشكان",
        "is_in": "Iraq , جمهورية العراق",
        "name": "ھانەژاڵە",
        "name:ar": "ھانةزالة",
        "name:ar1": "كاني كروشكان",
        "name:de": "Hanazhala",
        "name:en": "Hanazhala",
        "name:fr": "Hanazhala",
        "place": "village",
        "wikidata": "Q61380713",
        "wikipedia": "ckb:ھانەژاڵە"
      },
      "geometry": {
        "type": "Point",
        "coordinates": [
          45.9016301,
          35.1369995
        ]
      },
      "id": "node/2480126194"
    },
    {
      "type": "Feature",
      "properties": {
        "@id": "node/2480126195",
        "is_in": "Iraq , جمهورية العراق",
        "name": "سەراو",
        "name:ar": "سراو",
        "name:ar1": "سراو",
        "name:ckb": "سەراو",
        "name:de": "Saraw",
        "name:en": "Saraw",
        "name:fr": "Saraw",
        "place": "village",
        "wikidata": "Q61380505",
        "wikipedia": "ckb:سەراو، ھەڵەبجە"
      },
      "geometry": {
        "type": "Point",
        "coordinates": [
          45.9281603,
          35.1422326
        ]
      },
      "id": "node/2480126195"
    },
    {
      "type": "Feature",
      "properties": {
        "@id": "node/2480126349",
        "alt_name": "شمي ورز برات",
        "int_name": "Cham i Gom i Wazīrān, Chamī Wariz Birāt, Cham i Gom i Waziran, Chami Wariz Birat",
        "is_in": "Iraq , جمهورية العراق",
        "name": "شمي ورز برات",
        "name:ar": "شمي ورز برات",
        "name:ar1": "شمي ورز برات",
        "name:de": "Cham i Gom i Waziran",
        "name:en": "Cham i Gom i Waziran",
        "name:fr": "Cham i Gom i Waziran",
        "note": "at this location should be a tag waterway=stream",
        "place": "locality"
      },
      "geometry": {
        "type": "Point",
        "coordinates": [
          45.8522579,
          35.1848198
        ]
      },
      "id": "node/2480126349"
    },
    {
      "type": "Feature",
      "properties": {
        "@id": "node/2480126353",
        "alt_name": "جهمي ورز برا",
        "is_in": "Iraq , جمهورية العراق",
        "name": "جهمي ورز برا",
        "name:ar": "جهمي ورز برا",
        "name:ar1": "جهمي ورز برا",
        "note": "at this location should be a tag waterway=stream",
        "place": "locality",
        "waterway": "stream"
      },
      "geometry": {
        "type": "Point",
        "coordinates": [
          45.8523963,
          35.1852358
        ]
      },
      "id": "node/2480126353"
    },
    {
      "type": "Feature",
      "properties": {
        "@id": "node/2480126354",
        "alt_name": "جهمي ورز برات",
        "is_in": "Iraq , جمهورية العراق",
        "name": "جهمي ورز برات",
        "name:ar": "جهمي ورز برات",
        "name:ar1": "جهمي ورز برات",
        "note": "at this location should be a tag waterway=stream",
        "place": "locality",
        "waterway": "stream"
      },
      "geometry": {
        "type": "Point",
        "coordinates": [
          45.851932,
          35.185119
        ]
      },
      "id": "node/2480126354"
    },
    {
      "type": "Feature",
      "properties": {
        "@id": "node/2480127401",
        "alt_name": "كرده شيخة",
        "is_in": "Iraq , جمهورية العراق",
        "name": "كرده شيخة",
        "name:ar": "كرده شيخة",
        "name:ar1": "كرده شيخة",
        "place": "locality"
      },
      "geometry": {
        "type": "Point",
        "coordinates": [
          45.8883869,
          35.2667402
        ]
      },
      "id": "node/2480127401"
    },
    {
      "type": "Feature",
      "properties": {
        "@id": "node/2488140026",
        "is_in": "Iraq , جمهورية العراق",
        "name": "بانی بنۆک",
        "name:ar": "باني بنوك",
        "name:de": "Bani Banok",
        "name:en": "Bani Banok",
        "name:fr": "Bani Banok",
        "place": "village"
      },
      "geometry": {
        "type": "Point",
        "coordinates": [
          45.9862694,
          35.4284619
        ]
      },
      "id": "node/2488140026"
    },
    {
      "type": "Feature",
      "properties": {
        "@id": "node/2488140029",
        "alt_name": "بني شر;باني شار",
        "int_name": "Bānī Sharr, Bani Sharr;Bany Shar, باني شار, Bany Shar, باني شار",
        "is_in": "Iraq , جمهورية العراق",
        "name": "بانیشاری کۆن",
        "name:ar": "بانیشار القدیمة",
        "name:ar1": "بني شر;باني شار",
        "name:de": "Banishar Old",
        "name:en": "Banishar Old",
        "name:fr": "Banishar Old",
        "place": "village"
      },
      "geometry": {
        "type": "Point",
        "coordinates": [
          46.0252813,
          35.3573943
        ]
      },
      "id": "node/2488140029"
    },
    {
      "type": "Feature",
      "properties": {
        "@id": "node/2488140032",
        "name": "بەردەبەل",
        "name:ar": "بردبل",
        "name:en": "Bardabal",
        "place": "village",
        "wikidata": "Q61380786",
        "wikipedia": "ckb:بەردەبەل"
      },
      "geometry": {
        "type": "Point",
        "coordinates": [
          45.9630497,
          35.4299263
        ]
      },
      "id": "node/2488140032"
    },
    {
      "type": "Feature",
      "properties": {
        "@id": "node/2488140059",
        "alt_name": "جنارة",
        "int_name": "Chināra, Chinārah, Chnar, Jinārah, جناره, چناره, Chinara, Chinarah, Chnar, Jinarah, جناره, چناره",
        "is_in": "Iraq , جمهورية العراق",
        "name": "چنارە",
        "name:ar": "جنارة",
        "name:ar1": "جنارة",
        "name:de": "Chinara",
        "name:en": "Chinara",
        "name:fr": "Chinara",
        "place": "village",
        "wikidata": "Q61380836",
        "wikipedia": "ckb:چنارە، خورماڵ"
      },
      "geometry": {
        "type": "Point",
        "coordinates": [
          46.005514,
          35.3993775
        ]
      },
      "id": "node/2488140059"
    },
    {
      "type": "Feature",
      "properties": {
        "@id": "node/2488140072",
        "alt_name": "كجنة زيرون",
        "int_name": "Gachena, Kachīnahy Zayrūn, Kachīnahy Zayrūr, Kajinat Zayrūn, كجنة زيرون, كچينةى زيرور, كچينةى زيرون, Gachena, Kachinahy Zayrun, Kachinahy Zayrur, Kajinat Zayrun, كجنة زيرون, كچينةى زيرور, كچينةى زيرون",
        "is_in": "Iraq , جمهورية العراق",
        "name": "گەرچێنەی بانی بنۆک",
        "name:ar": "کرجینةباني بنوک",
        "name:ar1": "كجنة زيرون",
        "name:de": "Garchena Banibnok",
        "name:en": "Garchena Banibnok",
        "name:fr": "Garchena Banibnok",
        "place": "village",
        "wikidata": "Q61380997",
        "wikipedia": "ckb:گەرچێنەی بانی بنۆک"
      },
      "geometry": {
        "type": "Point",
        "coordinates": [
          45.997214,
          35.4083598
        ]
      },
      "id": "node/2488140072"
    },
    {
      "type": "Feature",
      "properties": {
        "@id": "node/2488140091",
        "is_in": "Iraq , جمهورية العراق",
        "name": "کانی ئاسکان",
        "name:ar": "كاني أسكان",
        "name:ar1": "كاني أسكان",
        "name:ckb": "کانی ئاسکان",
        "name:de": "Kani Askan",
        "name:en": "Kani Askan",
        "name:fr": "Kani Askan",
        "place": "village",
        "wikidata": "Q61380949",
        "wikipedia": "ckb:کانی ئاسکان"
      },
      "geometry": {
        "type": "Point",
        "coordinates": [
          45.9777424,
          35.392704
        ]
      },
      "id": "node/2488140091"
    },
    {
      "type": "Feature",
      "properties": {
        "@id": "node/2488140127",
        "alt_name": "نوة",
        "int_name": "Nawe, Nawe",
        "is_in": "Iraq , جمهورية العراق",
        "name": "نەوێ",
        "name:ar": "نوي",
        "name:ar1": "نوة",
        "name:de": "Nawe",
        "name:en": "Nawe",
        "name:fr": "Nawe",
        "place": "village",
        "wikidata": "Q61381053",
        "wikipedia": "ckb:نەوێ"
      },
      "geometry": {
        "type": "Point",
        "coordinates": [
          45.9637631,
          35.4131457
        ]
      },
      "id": "node/2488140127"
    },
    {
      "type": "Feature",
      "properties": {
        "@id": "node/2488140164",
        "name": "ڕیشێن",
        "name:ar": "ریشین",
        "name:en": "Rishen",
        "place": "village",
        "wikidata": "Q61380870",
        "wikipedia": "ckb:ڕیشێن"
      },
      "geometry": {
        "type": "Point",
        "coordinates": [
          45.9703305,
          35.3589566
        ]
      },
      "id": "node/2488140164"
    },
    {
      "type": "Feature",
      "properties": {
        "@id": "node/2488140473",
        "alt_name": "درة كولان",
        "int_name": "Dara Goulan, Dara Gulān, Darah Kawlān, Darah Kūlān, درة كولان, Dara Goulan, Dara Gulan, Darah Kawlan, Darah Kulan, درة كولان",
        "is_in": "Iraq , جمهورية العراق",
        "name": "دەرەگوڵان",
        "name:ar": "درةکولان",
        "name:ar1": "دره كولان;درة كولان",
        "name:ckb": "دەرەگوڵان",
        "name:de": "Dara Gulan",
        "name:en": "Dara Gulan",
        "name:fr": "Dara Gulan",
        "place": "village"
      },
      "geometry": {
        "type": "Point",
        "coordinates": [
          45.9775731,
          35.3791588
        ]
      },
      "id": "node/2488140473"
    },
    {
      "type": "Feature",
      "properties": {
        "@id": "node/2489386687",
        "name": "عەبابەیلێ",
        "name:ar": "عبابيلي",
        "name:ar1": "عبابيلي",
        "name:de": "Ababayli",
        "name:en": "Ababayli",
        "name:fr": "Ababayli",
        "place": "village",
        "wikidata": "Q7185122",
        "wikipedia": "ckb:عەبابەیلێ"
      },
      "geometry": {
        "type": "Point",
        "coordinates": [
          46.0325606,
          35.1704762
        ]
      },
      "id": "node/2489386687"
    },
    {
      "type": "Feature",
      "properties": {
        "@id": "node/2489386693",
        "alt_name": "ئەحمەدئاوا",
        "name": "ئەحمەداوا",
        "name:ar": "أحمداوا",
        "name:ckb": "ئەحمەداوا",
        "name:en": "Ahmadawa",
        "name:hac": "ئەحمەڎئاوە",
        "name:ku": "Ehmedawa",
        "name:ku-Arab": "ئەحمەداوا",
        "place": "village",
        "wikidata": "Q61380762",
        "wikipedia": "ckb:ئەحمەداوا، خورماڵ"
      },
      "geometry": {
        "type": "Point",
        "coordinates": [
          46.0660601,
          35.2978953
        ]
      },
      "id": "node/2489386693"
    },
    {
      "type": "Feature",
      "properties": {
        "@id": "node/2489386705",
        "name": "عەنەب",
        "name:ar": "عنب",
        "name:ckb": "عەنەب",
        "name:en": "Anab",
        "name:ku": "Eneb",
        "place": "village",
        "wikidata": "Q61380529",
        "wikipedia": "ckb:عەنەب"
      },
      "geometry": {
        "type": "Point",
        "coordinates": [
          46.0149562,
          35.2090312
        ]
      },
      "id": "node/2489386705"
    },
    {
      "type": "Feature",
      "properties": {
        "@id": "node/2489386718",
        "alt_name": "وادي زلم",
        "int_name": "Āw ē Z̧ālim, Wādī Zalim, وادي زلم, Aw e Zalim, Wadi Zalim, وادي زلم",
        "is_in": "Iraq , جمهورية العراق",
        "name": "دۆڵی زەڵم",
        "name:ar": "وادي زلم",
        "name:ar1": "وادي زلم",
        "name:de": "Aw e Zalim",
        "name:en": "Aw e Zalim",
        "name:fr": "Aw e Zalim",
        "place": "locality"
      },
      "geometry": {
        "type": "Point",
        "coordinates": [
          46.0768944,
          35.3122471
        ]
      },
      "id": "node/2489386718"
    },
    {
      "type": "Feature",
      "properties": {
        "@id": "node/2489386732",
        "name": "بۆین",
        "name:ar": "بوین",
        "name:en": "Boin",
        "place": "village",
        "wikidata": "Q61380256",
        "wikipedia": "ckb:بۆین"
      },
      "geometry": {
        "type": "Point",
        "coordinates": [
          46.1182721,
          35.1020718
        ]
      },
      "id": "node/2489386732"
    },
    {
      "type": "Feature",
      "properties": {
        "@id": "node/2489386739",
        "alt_name": "یاڵانپی",
        "alt_name:ku": "Yallanpî",
        "int_name": "Bālān Bay, Yalan Pe, Yallanpai, Yallanpal, Yallanpeh, بالان بي, Balan Bay, Yalan Pe, Yallanpai, Yallanpal, Yallanpeh, بالان بي",
        "name": "ئێڵانپی",
        "name:ar": "ايلانبي",
        "name:ckb": "ئێڵانپی",
        "name:de": "Elanpi",
        "name:en": "Elanpi",
        "name:fr": "Élanpi",
        "name:ku": "Êllanpî",
        "place": "village",
        "wikidata": "Q5987473",
        "wikipedia": "ckb:ئێڵانپی"
      },
      "geometry": {
        "type": "Point",
        "coordinates": [
          46.053505,
          35.339068
        ]
      },
      "id": "node/2489386739"
    },
    {
      "type": "Feature",
      "properties": {
        "@id": "node/2489386759",
        "name": "بەڵخەی خواروو",
        "name:ar": "بلخة سفلى",
        "name:ckb": "بەڵخەی خواروو",
        "name:de": "Balkha Lower",
        "name:en": "Balkha Lower",
        "name:fr": "Balkha Lower",
        "name:ku": "Bellxeya Jêrîn",
        "place": "village"
      },
      "geometry": {
        "type": "Point",
        "coordinates": [
          46.140263,
          35.1951939
        ]
      },
      "id": "node/2489386759"
    },
    {
      "type": "Feature",
      "properties": {
        "@id": "node/2489386765",
        "name": "بەشارەتی سەروو",
        "name:ar": "بشارة العلیا",
        "name:ckb": "بەشارەتی سەروو",
        "name:de": "Upper Basharat",
        "name:en": "Upper Basharat",
        "name:fr": "Upper Basharat",
        "place": "village",
        "wikidata": "Q61380233",
        "wikipedia": "ckb:بەشارەتی سەروو"
      },
      "geometry": {
        "type": "Point",
        "coordinates": [
          45.9744378,
          35.265196
        ]
      },
      "id": "node/2489386765"
    },
    {
      "type": "Feature",
      "properties": {
        "@id": "node/2489386771",
        "name": "بیاوێڵە",
        "name:ar": "بیاویلة",
        "name:en": "Byawela",
        "place": "village",
        "wikidata": "Q61380271",
        "wikipedia": "ckb:بیاوێڵە"
      },
      "geometry": {
        "type": "Point",
        "coordinates": [
          46.0108981,
          35.2154452
        ]
      },
      "id": "node/2489386771"
    },
    {
      "type": "Feature",
      "properties": {
        "@id": "node/2489386777",
        "alt_name": "وادی شنار",
        "int_name": "Cham i Chinār, Cham i Chinar",
        "is_in": "Iraq , جمهورية العراق",
        "name": "وادی شنار",
        "name:ar": "وادي شنار",
        "name:ar1": "وادي شنار",
        "name:de": "Cham i Chinar",
        "name:en": "Cham i Chinar",
        "name:fr": "Cham i Chinar",
        "note": "at this location should be a tag waterway=stream",
        "place": "locality",
        "waterway": "stream"
      },
      "geometry": {
        "type": "Point",
        "coordinates": [
          46.021111,
          35.064167
        ]
      },
      "id": "node/2489386777"
    },
    {
      "type": "Feature",
      "properties": {
        "@id": "node/2489386792",
        "is_in": "Iraq , جمهورية العراق",
        "name": "ئاوەمار",
        "name:ar": "اومار",
        "name:ckb": "ئاوەمار",
        "name:en": "awamar",
        "place": "village"
      },
      "geometry": {
        "type": "Point",
        "coordinates": [
          46.08,
          35.086111
        ]
      },
      "id": "node/2489386792"
    },
    {
      "type": "Feature",
      "properties": {
        "@id": "node/2489386806",
        "name": "چنارەی کۆکۆیی",
        "name:ar": "جنارةي کوکوي",
        "name:en": "Chnarai Kokoiy",
        "place": "village",
        "wikidata": "Q61380429",
        "wikipedia": "ckb:چنارەی کۆکۆیی"
      },
      "geometry": {
        "type": "Point",
        "coordinates": [
          46.0316977,
          35.079678
        ]
      },
      "id": "node/2489386806"
    },
    {
      "type": "Feature",
      "properties": {
        "@id": "node/2489386818",
        "name": "دەڵەمەڕ",
        "name:ar": "دلةمر",
        "name:en": "Dalamar",
        "place": "village",
        "wikidata": "Q61380456",
        "wikipedia": "ckb:دەڵەمەڕ"
      },
      "geometry": {
        "type": "Point",
        "coordinates": [
          46.0367977,
          35.1595326
        ]
      },
      "id": "node/2489386818"
    },
    {
      "type": "Feature",
      "properties": {
        "@id": "node/2489386824",
        "int_name": "Zalm",
        "name": "زەڵم",
        "name:ar": "Zalm",
        "name:en": "Zalm",
        "name:hac": "زەڵم",
        "place": "village",
        "wikidata": "Q5987468",
        "wikipedia": "ckb:زەڵم"
      },
      "geometry": {
        "type": "Point",
        "coordinates": [
          46.0832983,
          35.3136552
        ]
      },
      "id": "node/2489386824"
    },
    {
      "type": "Feature",
      "properties": {
        "@id": "node/2489386838",
        "name": "دەرەشیشی خواروو",
        "name:ar": "درشيش السفلى",
        "name:ckb": "دەرەشیشی خواروو",
        "name:en": "Darahshish Lower",
        "name:ku": "Dereşîşa Jêrîn",
        "place": "village",
        "wikidata": "Q61380846",
        "wikipedia": "ckb:دەرەشیشی خواروو"
      },
      "geometry": {
        "type": "Point",
        "coordinates": [
          46.0175311,
          35.2198701
        ]
      },
      "id": "node/2489386838"
    },
    {
      "type": "Feature",
      "properties": {
        "@id": "node/2489386841",
        "alt_name": "دي كون;دي كوت;ديكون",
        "int_name": "Day Kawn, دي كون, Day Kawn, دي كون;Day Kūt, دي كوت, Day Kut, دي كوت;Dēkōn, Dekon",
        "is_in": "Iraq , جمهورية العراق",
        "name": "دێکۆن",
        "name:ar": "دیکون",
        "name:ar1": "دي كون;دي كوت;ديكون",
        "name:ckb": "دێکۆن",
        "name:de": "Dekon",
        "name:en": "Dekon",
        "name:fr": "Dekon",
        "place": "village",
        "wikidata": "Q5252829",
        "wikipedia": "ckb:دێکۆن، خورماڵ"
      },
      "geometry": {
        "type": "Point",
        "coordinates": [
          46.0351365,
          35.2771546
        ]
      },
      "id": "node/2489386841"
    },
    {
      "type": "Feature",
      "properties": {
        "@id": "node/2489386848",
        "name": "گردی قازی",
        "name:ar": "کردي قازي",
        "name:ckb": "گردی قازی",
        "name:de": "Grdi Qazy",
        "name:en": "Grdi Qazy",
        "name:fr": "Grdi Qazy",
        "place": "village",
        "wikidata": "Q61380989",
        "wikipedia": "ckb:گردی قازی"
      },
      "geometry": {
        "type": "Point",
        "coordinates": [
          45.970377,
          35.3115119
        ]
      },
      "id": "node/2489386848"
    },
    {
      "type": "Feature",
      "properties": {
        "@id": "node/2489386850",
        "alt_name": "هانة قول",
        "int_name": "Han e Ghūl, Hana ī Qull, Hānah Qūl, Haniyaqul, Hany Qul, هانة قول, Han e Ghul, Hana i Qull, Hanah Qul, Haniyaqul, Hany Qul, هانة قول",
        "is_in": "Iraq , جمهورية العراق",
        "name": "ھانەوقوڵی",
        "name:ar": "ھانةوقولي",
        "name:ar1": "هانة قول",
        "name:de": "Hanawquli",
        "name:en": "Hanawquli",
        "name:fr": "Hanawquli",
        "place": "village",
        "wikidata": "Q5987476",
        "wikipedia": "ckb:ھانەوقوڵی"
      },
      "geometry": {
        "type": "Point",
        "coordinates": [
          46.0510633,
          35.319626
        ]
      },
      "id": "node/2489386850"
    },
    {
      "type": "Feature",
      "properties": {
        "@id": "node/2489386853",
        "is_in": "Iraq , جمهورية العراق",
        "name": "جەلیلە",
        "name:ar": "جليلة",
        "name:ar1": "جليلة",
        "name:de": "Jaleela",
        "name:en": "Jaleela",
        "name:fr": "Jaleela",
        "place": "village",
        "wikidata": "Q6414682",
        "wikipedia": "en:Jalileh"
      },
      "geometry": {
        "type": "Point",
        "coordinates": [
          46.0245285,
          35.1856864
        ]
      },
      "id": "node/2489386853"
    },
    {
      "type": "Feature",
      "properties": {
        "@id": "node/2489386855",
        "is_in": "Iraq , جمهورية العراق",
        "name": "کوڵکنی حەمە سوور",
        "name:ar": "كلكني حمة سور",
        "name:ar1": "كلكني حمة سور",
        "name:de": "Kalakini Hamah Sur",
        "name:en": "Kalakini Hamah Sur",
        "name:fr": "Kalakini Hamah Sur",
        "place": "village",
        "wikidata": "Q61380979",
        "wikipedia": "ckb:کوڵکنی حەمەسوور"
      },
      "geometry": {
        "type": "Point",
        "coordinates": [
          45.9867541,
          35.307195
        ]
      },
      "id": "node/2489386855"
    },
    {
      "type": "Feature",
      "properties": {
        "@id": "node/2489386857",
        "is_in": "Iraq , جمهورية العراق",
        "name": "کانی گوێز",
        "name:ar": "كاني جوز",
        "name:ar1": "كاني جوز",
        "name:de": "Kani Jawz",
        "name:en": "Kani Jawz",
        "name:fr": "Kani Jawz",
        "place": "village",
        "wikidata": "Q61380589",
        "wikipedia": "ckb:کانی گوێز، ھەڵەبجە"
      },
      "geometry": {
        "type": "Point",
        "coordinates": [
          46.0530309,
          35.1287834
        ]
      },
      "id": "node/2489386857"
    },
    {
      "type": "Feature",
      "properties": {
        "@id": "node/2489386859",
        "alt_name": "كولكان",
        "int_name": "Kawlkan, Kawlkan",
        "is_in": "Iraq , جمهورية العراق",
        "name": "کوڵکنی فەقێ کەرەم",
        "name:ar": "کولکني فقي کرم",
        "name:ar1": "كولكان",
        "name:de": "Kulkni Faqe Karam",
        "name:en": "Kulkni Faqe Karam",
        "name:fr": "Kulkni Faqe Karam",
        "place": "village",
        "wikidata": "Q61380985",
        "wikipedia": "ckb:کوڵکنی فەقێ کەرەم"
      },
      "geometry": {
        "type": "Point",
        "coordinates": [
          45.9863195,
          35.3006569
        ]
      },
      "id": "node/2489386859"
    },
    {
      "type": "Feature",
      "properties": {
        "@id": "node/2489386860",
        "name": "کۆساوا",
        "name:ar": "کوساوا",
        "name:ckb": "کۆساوا",
        "name:en": "Kosawa",
        "name:ku": "Kosava",
        "place": "village",
        "wikidata": "Q61380609",
        "wikipedia": "ckb:کۆساوا"
      },
      "geometry": {
        "type": "Point",
        "coordinates": [
          46.0775418,
          35.0931905
        ]
      },
      "id": "node/2489386860"
    },
    {
      "type": "Feature",
      "properties": {
        "@id": "node/2489386861",
        "is_in": "Iraq , جمهورية العراق",
        "name": "گێڵەک",
        "name:ar": "كيلك",
        "name:ar1": "كيلك",
        "name:de": "Gelak",
        "name:en": "Gelak",
        "name:fr": "Gelak",
        "place": "village",
        "wikidata": "Q61381025"
      },
      "geometry": {
        "type": "Point",
        "coordinates": [
          45.984102,
          35.3160281
        ]
      },
      "id": "node/2489386861"
    },
    {
      "type": "Feature",
      "properties": {
        "@id": "node/2489386877",
        "name": "قوڵی متکان",
        "name:ar": "قولي متکان",
        "name:en": "Qulimtkan",
        "place": "village",
        "wikidata": "Q61380562",
        "wikipedia": "ckb:قوڵی متکان"
      },
      "geometry": {
        "type": "Point",
        "coordinates": [
          46.0647965,
          35.0484549
        ]
      },
      "id": "node/2489386877"
    },
    {
      "type": "Feature",
      "properties": {
        "@id": "node/2489386878",
        "name": "لمە",
        "name:ar": "لمة",
        "name:en": "Lma",
        "place": "village",
        "wikidata": "Q61380652",
        "wikipedia": "ckb:لمە"
      },
      "geometry": {
        "type": "Point",
        "coordinates": [
          46.0681135,
          35.0757695
        ]
      },
      "id": "node/2489386878"
    },
    {
      "type": "Feature",
      "properties": {
        "@id": "node/2489386882",
        "name": "مۆردین",
        "name:ar": "موردین",
        "name:en": "Mordin",
        "place": "village",
        "wikidata": "Q61380676",
        "wikipedia": "ckb:مۆردین"
      },
      "geometry": {
        "type": "Point",
        "coordinates": [
          46.0086986,
          35.0834598
        ]
      },
      "id": "node/2489386882"
    },
    {
      "type": "Feature",
      "properties": {
        "@id": "node/2489386886",
        "name": "نەیجەڵە",
        "name:ar": "نةیجةلة",
        "name:en": "Naijala",
        "place": "village",
        "wikidata": "Q61380690",
        "wikipedia": "ckb:نەیجەڵە"
      },
      "geometry": {
        "type": "Point",
        "coordinates": [
          46.0521424,
          35.0600026
        ]
      },
      "id": "node/2489386886"
    },
    {
      "type": "Feature",
      "properties": {
        "@id": "node/2489386887",
        "alt_name": "نار",
        "int_name": "Nār, نار, Nar, نار",
        "is_in": "Iraq , جمهورية العراق",
        "name": "نار",
        "name:ar": "نار",
        "name:ar1": "نار",
        "name:de": "Nar",
        "name:en": "Nar",
        "name:fr": "Nar",
        "place": "locality"
      },
      "geometry": {
        "type": "Point",
        "coordinates": [
          46.078319,
          35.327618
        ]
      },
      "id": "node/2489386887"
    },
    {
      "type": "Feature",
      "properties": {
        "@id": "node/2489386888",
        "name": "پێگە",
        "name:ar": "بیکة",
        "name:en": "Pega",
        "place": "village",
        "wikidata": "Q61380320",
        "wikipedia": "ckb:پێگە"
      },
      "geometry": {
        "type": "Point",
        "coordinates": [
          46.0664255,
          35.0641374
        ]
      },
      "id": "node/2489386888"
    },
    {
      "type": "Feature",
      "properties": {
        "@id": "node/2489386891",
        "name": "ڕیشاو",
        "name:ar": "ریشاو",
        "name:en": "Rishaw",
        "place": "village",
        "wikidata": "Q61380488",
        "wikipedia": "ckb:ڕیشاو"
      },
      "geometry": {
        "type": "Point",
        "coordinates": [
          46.0778447,
          35.1110728
        ]
      },
      "id": "node/2489386891"
    },
    {
      "type": "Feature",
      "properties": {
        "@id": "node/2489386892",
        "alt_name": "سهتيان",
        "int_name": "Sahtiyān, سەتيان, Sahtiyan, سەتيان",
        "is_in": "Iraq , جمهورية العراق",
        "name": "سهتيان",
        "name:ar": "سهتيان",
        "name:ar1": "سهتيان",
        "name:de": "Sahtiyan",
        "name:en": "Sahtiyan",
        "name:fr": "Sahtiyan",
        "place": "locality"
      },
      "geometry": {
        "type": "Point",
        "coordinates": [
          45.977452,
          35.335929
        ]
      },
      "id": "node/2489386892"
    },
    {
      "type": "Feature",
      "properties": {
        "@id": "node/2489386893",
        "alt_name": "ساقية دلين",
        "int_name": "Sāqiyat Dalīn, ساقية دلين, Saqiyat Dalin, ساقية دلين",
        "is_in": "Iraq , جمهورية العراق",
        "name": "ساقية دلين",
        "name:ar": "ساقية دلين",
        "name:ar1": "ساقية دلين",
        "name:de": "Saqiyat Dalin",
        "name:en": "Saqiyat Dalin",
        "name:fr": "Saqiyat Dalin",
        "place": "locality"
      },
      "geometry": {
        "type": "Point",
        "coordinates": [
          46.0068808,
          35.2839273
        ]
      },
      "id": "node/2489386893"
    },
    {
      "type": "Feature",
      "properties": {
        "@id": "node/2489386894",
        "alt_name": "ساقية ولين",
        "int_name": "Sāqiyat Walīn, ساقية ولين, Saqiyat Walin, ساقية ولين",
        "is_in": "Iraq , جمهورية العراق",
        "name": "ساقية ولين",
        "name:ar": "ساقية ولين",
        "name:ar1": "ساقية ولين",
        "name:de": "Saqiyat Walin",
        "name:en": "Saqiyat Walin",
        "name:fr": "Saqiyat Walin",
        "place": "locality"
      },
      "geometry": {
        "type": "Point",
        "coordinates": [
          46.007121,
          35.2819767
        ]
      },
      "id": "node/2489386894"
    },
    {
      "type": "Feature",
      "properties": {
        "@id": "node/2489386896",
        "name": "سازان",
        "name:ar": "سازان",
        "name:ar1": "سازان",
        "name:de": "Sazan",
        "name:en": "Sazan",
        "name:fr": "Sazan",
        "place": "village",
        "wikidata": "Q5990272",
        "wikipedia": "ckb:سازان، ھەڵەبجە"
      },
      "geometry": {
        "type": "Point",
        "coordinates": [
          46.0595241,
          35.0935734
        ]
      },
      "id": "node/2489386896"
    },
    {
      "type": "Feature",
      "properties": {
        "@id": "node/2489386899",
        "alt_name": "شيرة مر",
        "int_name": "Shīrah Marr, شيرة مر, Shirah Marr, شيرة مر",
        "is_in": "Iraq , جمهورية العراق",
        "name": "شیرەمەڕ",
        "name:ar": "شيرە مەڕ",
        "name:ar1": "شيرة مر",
        "name:de": "Shirah Marr",
        "name:en": "Sheremar",
        "name:fr": "Shirah Marr",
        "name:ku": "شیرەمەڕ",
        "place": "village",
        "wikidata": "Q61380911",
        "wikipedia": "ckb:شیرەمەڕ"
      },
      "geometry": {
        "type": "Point",
        "coordinates": [
          46.0053769,
          35.3202203
        ]
      },
      "id": "node/2489386899"
    },
    {
      "type": "Feature",
      "properties": {
        "@id": "node/2489386900",
        "name": "تەپە کوڕە",
        "name:ar": "تبةکورة",
        "name:ckb": "تەپە کوڕە",
        "name:de": "Tapakura",
        "name:en": "Tapakura",
        "name:fr": "Tapakura",
        "place": "village",
        "wikidata": "Q61380803",
        "wikipedia": "ckb:تەپەکوڕە"
      },
      "geometry": {
        "type": "Point",
        "coordinates": [
          45.9945511,
          35.2553483
        ]
      },
      "id": "node/2489386900"
    },
    {
      "type": "Feature",
      "properties": {
        "@id": "node/2489386902",
        "alt_name": "تكية",
        "int_name": "Takīyah, Takya, تكية, Takiyah, Takya, تكية",
        "is_in": "Iraq , جمهورية العراق",
        "name": "تەکیە",
        "name:ar": "تكية",
        "name:ar1": "تكية",
        "name:ckb": "تەکیە",
        "name:de": "Takiyah",
        "name:en": "Takiyah",
        "name:fr": "Takiyah",
        "place": "village",
        "wikidata": "Q61380829",
        "wikipedia": "ckb:تەکیە، خورماڵ"
      },
      "geometry": {
        "type": "Point",
        "coordinates": [
          46.0145704,
          35.305998
        ]
      },
      "id": "node/2489386902"
    },
    {
      "type": "Feature",
      "properties": {
        "@id": "node/2489386903",
        "name": "جادو زنە",
        "name:ar": "تل جادو زنە",
        "name:de": "Jadu Zna",
        "name:en": "Jadu Zna",
        "name:fr": "Jadu Zna",
        "place": "locality"
      },
      "geometry": {
        "type": "Point",
        "coordinates": [
          45.9865257,
          35.2409531
        ]
      },
      "id": "node/2489386903"
    },
    {
      "type": "Feature",
      "properties": {
        "@id": "node/2489386907",
        "is_in": "Iraq , جمهورية العراق",
        "name": "تازە دێ",
        "name:ar": "تازة دي",
        "name:ar1": "تازة دي",
        "name:ckb": "تازەدێ",
        "name:de": "Taza De",
        "name:en": "Taza De",
        "name:fr": "Taza De",
        "place": "village",
        "wikidata": "Q61380791",
        "wikipedia": "ckb:تازەدێ، خورماڵ"
      },
      "geometry": {
        "type": "Point",
        "coordinates": [
          46.0057162,
          35.2969045
        ]
      },
      "id": "node/2489386907"
    },
    {
      "type": "Feature",
      "properties": {
        "@id": "node/2489386908",
        "alt_name": "وادي برمرون",
        "int_name": "Wādī Barmarūn, وادي برمرون, Wadi Barmarun, وادي برمرون",
        "is_in": "Iraq , جمهورية العراق",
        "name": "وادي برمرون",
        "name:ar": "وادي برمرون",
        "name:ar1": "وادي برمرون",
        "name:de": "Wadi Barmarun",
        "name:en": "Wadi Barmarun",
        "name:fr": "Wadi Barmarun",
        "place": "locality"
      },
      "geometry": {
        "type": "Point",
        "coordinates": [
          46.067306,
          35.261825
        ]
      },
      "id": "node/2489386908"
    },
    {
      "type": "Feature",
      "properties": {
        "@id": "node/2489386909",
        "alt_name": "وادي دهرهكورة",
        "int_name": "Wādī Dahrahkawrah, وادي دەرەكورە, Wadi Dahrahkawrah, وادي دەرەكورە",
        "is_in": "Iraq , جمهورية العراق",
        "name": "دەرە کۆرە",
        "name:ar": "وادي دهرهكورة",
        "name:ar1": "وادي دهرهكورة",
        "name:de": "Wadi Dahrahkawrah",
        "name:en": "Wadi Dahrahkawrah",
        "name:fr": "Wadi Dahrahkawrah",
        "place": "locality"
      },
      "geometry": {
        "type": "Point",
        "coordinates": [
          45.984658,
          35.350667
        ]
      },
      "id": "node/2489386909"
    },
    {
      "type": "Feature",
      "properties": {
        "@id": "node/2489386914",
        "alt_name": "وادي خاهزينة",
        "int_name": "Wādī Khāhzīnah, وادي خاەزينه, Wadi Khahzinah, وادي خاەزينه",
        "is_in": "Iraq , جمهورية العراق",
        "name": "وادي خاهزينة",
        "name:ar": "وادي خاهزينة",
        "name:ar1": "وادي خاهزينة",
        "name:de": "Wadi Khahzinah",
        "name:en": "Wadi Khahzinah",
        "name:fr": "Wadi Khahzinah",
        "place": "locality"
      },
      "geometry": {
        "type": "Point",
        "coordinates": [
          45.961054,
          35.220081
        ]
      },
      "id": "node/2489386914"
    },
    {
      "type": "Feature",
      "properties": {
        "@id": "node/2489386915",
        "alt_name": "وادي خندق",
        "int_name": "Wādī Khandaq, وادي خندق, Wadi Khandaq, وادي خندق",
        "is_in": "Iraq , جمهورية العراق",
        "name": "وادي خندق",
        "name:ar": "وادي خندق",
        "name:ar1": "وادي خندق",
        "name:de": "Wadi Khandaq",
        "name:en": "Wadi Khandaq",
        "name:fr": "Wadi Khandaq",
        "place": "locality"
      },
      "geometry": {
        "type": "Point",
        "coordinates": [
          46.053416,
          35.285444
        ]
      },
      "id": "node/2489386915"
    },
    {
      "type": "Feature",
      "properties": {
        "@id": "node/2489386916",
        "alt_name": "وادي خقيلان",
        "int_name": "Wādī Khaqīlān, وادي خقيلان, Wadi Khaqilan, وادي خقيلان",
        "is_in": "Iraq , جمهورية العراق",
        "name": "وادي خقيلان",
        "name:ar": "وادي خقيلان",
        "name:ar1": "وادي خقيلان",
        "name:de": "Wadi Khaqilan",
        "name:en": "Wadi Khaqilan",
        "name:fr": "Wadi Khaqilan",
        "place": "locality"
      },
      "geometry": {
        "type": "Point",
        "coordinates": [
          46.03771,
          35.27831
        ]
      },
      "id": "node/2489386916"
    },
    {
      "type": "Feature",
      "properties": {
        "@id": "node/2489386918",
        "is_in": "Iraq , جمهورية العراق",
        "name": "دەرەی تەوێڵە",
        "name:ar": "وادي طويلة",
        "name:ar1": "وادي طويلة",
        "name:de": "Wadi Tawaylah",
        "name:en": "Wadi Tawaylah",
        "name:fr": "Wadi Tawaylah",
        "place": "locality"
      },
      "geometry": {
        "type": "Point",
        "coordinates": [
          46.122424,
          35.170283
        ]
      },
      "id": "node/2489386918"
    },
    {
      "type": "Feature",
      "properties": {
        "@id": "node/2489386919",
        "alt_name": "دۆڵی وشکە ئاو",
        "int_name": "Wādī Wushkah Āw, وادي وشكة ئاو, Wadi Wushkah Aw, وادي وشكة ئاو",
        "is_in": "Iraq , جمهورية العراق",
        "name": "دۆڵی وشکە ئاو",
        "name:ar": "وادي وشكة آو",
        "name:ar1": "وادي وشكة آو",
        "name:de": "Wadi Wushkah Aw",
        "name:en": "Wadi Wushkah Aw",
        "name:fr": "Wadi Wushkah Aw",
        "place": "locality"
      },
      "geometry": {
        "type": "Point",
        "coordinates": [
          46.077283,
          35.312416
        ]
      },
      "id": "node/2489386919"
    },
    {
      "type": "Feature",
      "properties": {
        "@id": "node/2489389314",
        "name": "بەشارەتی خواروو",
        "name:ar": "بشاراتي السفلى",
        "name:ckb": "بەشارەتی خواروو",
        "name:de": "Lower Basharati",
        "name:en": "Lower Basharati",
        "name:fr": "Lower Basharati",
        "place": "village",
        "wikidata": "Q61380231",
        "wikipedia": "ckb:بەشارەتی خواروو"
      },
      "geometry": {
        "type": "Point",
        "coordinates": [
          45.9521678,
          35.2617858
        ]
      },
      "id": "node/2489389314"
    },
    {
      "type": "Feature",
      "properties": {
        "@id": "node/2489389340",
        "alt_name": "بیزهاوة;يزهاوة",
        "int_name": "Bezhawa, Bizawa, Bīzhāwah, Yazhāwah, بیزهاوة, Bezhawa, Bizawa, Bizhawah, Yazhawah, بیزهاوة;يزهاوة, يزهاوه, يزهاوة, يزهاوه",
        "is_in": "Iraq , جمهورية العراق",
        "name": "بێژاوا",
        "name:ar": "بیزاوا",
        "name:ar1": "بیزهاوة;يزهاوة",
        "name:de": "Bezhawa",
        "name:en": "Bezhawa",
        "name:fr": "Bezhawa",
        "place": "village",
        "wikidata": "Q61380276",
        "wikipedia": "ckb:بێژاوا"
      },
      "geometry": {
        "type": "Point",
        "coordinates": [
          45.9047589,
          35.196015
        ]
      },
      "id": "node/2489389340"
    },
    {
      "type": "Feature",
      "properties": {
        "@id": "node/2489389461",
        "name": "چەمی درۆزنە",
        "name:ar": "وادي دروزنة",
        "name:de": "Chamo Drozna",
        "name:en": "Chamo Drozna",
        "name:fr": "Chamo Drozna",
        "place": "locality"
      },
      "geometry": {
        "type": "Point",
        "coordinates": [
          45.9594,
          35.2609
        ]
      },
      "id": "node/2489389461"
    },
    {
      "type": "Feature",
      "properties": {
        "@id": "node/2489389497",
        "alt_name": "وادي حسناوة",
        "int_name": "Cham i Ḩasanāwa, Cham i Hasanawa",
        "is_in": "Iraq , جمهورية العراق",
        "name": "وادي حسناوة",
        "name:ar": "وادي حسناوة",
        "name:ar1": "وادي حسناوة",
        "name:de": "Cham i Hasanawa",
        "name:en": "Cham i Hasanawa",
        "name:fr": "Cham i Hasanawa",
        "note": "at this location should be a tag waterway=stream",
        "place": "locality",
        "waterway": "stream"
      },
      "geometry": {
        "type": "Point",
        "coordinates": [
          45.9177,
          35.2394
        ]
      },
      "id": "node/2489389497"
    },
    {
      "type": "Feature",
      "properties": {
        "@id": "node/2489389535",
        "alt_name": "وادي خلام",
        "int_name": "Cham i Khulām, Cham i Khulam",
        "is_in": "Iraq , جمهورية العراق",
        "name": "وادي خلام",
        "name:ar": "وادي خلام",
        "name:ar1": "وادي خلام",
        "name:de": "Cham i Khulam",
        "name:en": "Cham i Khulam",
        "name:fr": "Cham i Khulam",
        "note": "at this location should be a tag waterway=stream",
        "place": "locality",
        "waterway": "stream"
      },
      "geometry": {
        "type": "Point",
        "coordinates": [
          45.8678,
          35.2074
        ]
      },
      "id": "node/2489389535"
    },
    {
      "type": "Feature",
      "properties": {
        "@id": "node/2489389743",
        "alt_name": "إمامي زامن",
        "int_name": "Imāmī Zāmin, امامي زامن, Imami Zamin, امامي زامن",
        "is_in": "Iraq , جمهورية العراق",
        "name": "ئیمامی زامن",
        "name:ar": "إمامي زامن",
        "name:ar1": "إمامي زامن",
        "name:de": "Imami Zamin",
        "name:en": "Imami Zamin",
        "name:fr": "Imami Zamin",
        "place": "village",
        "wikidata": "Q61380206",
        "wikipedia": "ckb:ئیمامی زامن"
      },
      "geometry": {
        "type": "Point",
        "coordinates": [
          45.8766599,
          35.224123
        ]
      },
      "id": "node/2489389743"
    },
    {
      "type": "Feature",
      "properties": {
        "@id": "node/2489389901",
        "alt_name": "كاني شيخ",
        "int_name": "Kānī Shākh, Kānī Shaykh, Kani Shekha, كاني شيخ, Kani Shakh, Kani Shaykh, Kani Shekha, كاني شيخ",
        "is_in": "Iraq , جمهورية العراق",
        "name": "کانی شێخ",
        "name:ar": "كاني شيخ",
        "name:ar1": "كاني شيخ",
        "name:de": "Kani Shekh",
        "name:en": "Kani Shekh",
        "name:fr": "Kani Shekh",
        "place": "village",
        "wikidata": "Q61380595",
        "wikipedia": "ckb:کانی شێخ"
      },
      "geometry": {
        "type": "Point",
        "coordinates": [
          45.905578,
          35.2385229
        ]
      },
      "id": "node/2489389901"
    },
    {
      "type": "Feature",
      "properties": {
        "@id": "node/2489389907",
        "alt_name": "كاني تو",
        "int_name": "Kānī Tū, Kanūtir, Kany Too, كاني تو, Kani Tu, Kanutir, Kany Too, كاني تو",
        "is_in": "Iraq , جمهورية العراق",
        "name": "کانی توو",
        "name:ar": "كاني تو",
        "name:ar1": "كاني تو",
        "name:de": "Kani Tu",
        "name:en": "Kani Tu",
        "name:fr": "Kani Tu",
        "place": "village",
        "wikidata": "Q61380568",
        "wikipedia": "ckb:کانی توو، ھەڵەبجە"
      },
      "geometry": {
        "type": "Point",
        "coordinates": [
          45.8908497,
          35.1860223
        ]
      },
      "id": "node/2489389907"
    },
    {
      "type": "Feature",
      "properties": {
        "@id": "node/2489389970",
        "alt_name": "خهرانةكان;خرتكن;خهرانهكان",
        "int_name": "Khahrānahkān, Khahranahkan;Kharatakan, Kharatakan;خەرانەكان, خەرانەكان",
        "is_in": "Iraq , جمهورية العراق",
        "name": "تەپەسەرقوڵە",
        "name:ar": "تبةسرقولة",
        "name:ar1": "خهرانةكان;خرتكن;خهرانهكان",
        "name:ckb": "تەپەسەرقوڵە",
        "name:de": "Tapa Sarqula",
        "name:en": "Tapa Sarqula",
        "name:fr": "Tapa Sarqula",
        "place": "village",
        "wikidata": "Q61380365",
        "wikipedia": "ckb:تەپەسەرقوڵە"
      },
      "geometry": {
        "type": "Point",
        "coordinates": [
          45.9546959,
          35.306735
        ]
      },
      "id": "node/2489389970"
    },
    {
      "type": "Feature",
      "properties": {
        "@id": "node/2489389977",
        "name": "خاک و خۆڵ",
        "name:ar": "خاکوخول",
        "name:ckb": "خاک و خۆڵ",
        "name:de": "Khak u Khol",
        "name:en": "Khak u Khol",
        "name:fr": "Khak u Khol",
        "place": "village",
        "wikidata": "Q61380452",
        "wikipedia": "ckb:خاک و خۆڵ، ھەڵەبجە"
      },
      "geometry": {
        "type": "Point",
        "coordinates": [
          45.9559256,
          35.2766016
        ]
      },
      "id": "node/2489389977"
    },
    {
      "type": "Feature",
      "properties": {
        "@id": "node/2489390073",
        "alt_name": "وادي جالكة أشور",
        "int_name": "Khirr i Chālga Āshūr, Wādī Jālikah Ashūr, وادي جالكه اشور, Khirr i Chalga Ashur, Wadi Jalikah Ashur, وادي جالكه اشور",
        "is_in": "Iraq , جمهورية العراق",
        "name": "وادي جالكة أشور",
        "name:ar": "وادي جالكة أشور",
        "name:ar1": "وادي جالكة أشور",
        "name:de": "Khirr i Chalga Ashur",
        "name:en": "Khirr i Chalga Ashur",
        "name:fr": "Khirr i Chalga Ashur",
        "place": "locality"
      },
      "geometry": {
        "type": "Point",
        "coordinates": [
          45.882463,
          35.219171
        ]
      },
      "id": "node/2489390073"
    },
    {
      "type": "Feature",
      "properties": {
        "@id": "node/2489390117",
        "name": "غوڵامی سەروو",
        "name:ar": "غولامي العلیا",
        "name:ckb": "غوڵامی سەروو",
        "name:de": "Ghulam Upper",
        "name:en": "Ghulam Upper",
        "name:fr": "Ghulam Upper",
        "place": "village",
        "wikidata": "Q61380538",
        "wikipedia": "ckb:غوڵامی سەروو"
      },
      "geometry": {
        "type": "Point",
        "coordinates": [
          45.8791534,
          35.1802498
        ]
      },
      "id": "node/2489390117"
    },
    {
      "type": "Feature",
      "properties": {
        "@id": "node/2489390167",
        "alt_name": "كلرش",
        "int_name": "Kularash, Kularash",
        "is_in": "Iraq , جمهورية العراق",
        "name": "دوانزەئیمام",
        "name:ar": "دوانزةامام",
        "name:ar1": "كلرش;دوازدة إمام",
        "name:de": "Duwanza Imam",
        "name:en": "Duwanza Imam",
        "name:fr": "Duwanza Imam",
        "place": "village",
        "wikidata": "Q61380469",
        "wikipedia": "ckb:دوانزەئیمام"
      },
      "geometry": {
        "type": "Point",
        "coordinates": [
          45.9225794,
          35.2545475
        ]
      },
      "id": "node/2489390167"
    },
    {
      "type": "Feature",
      "properties": {
        "@id": "node/2489390179",
        "name": "گورگەچیا",
        "name:ar": "كوركة جيا",
        "name:ckb": "گورگەچیا",
        "name:en": "Gurgachya",
        "name:ku": "Gurgeçiya",
        "place": "village",
        "wikidata": "Q61380637",
        "wikipedia": "ckb:گورگەچیا، ھەڵەبجە"
      },
      "geometry": {
        "type": "Point",
        "coordinates": [
          45.908631,
          35.2236401
        ]
      },
      "id": "node/2489390179"
    },
    {
      "type": "Feature",
      "properties": {
        "@id": "node/2489390223",
        "alt_name": "لامركزي",
        "int_name": "Lāmarkazī, لامركزي, Lamarkazi, لامركزي",
        "is_in": "Iraq , جمهورية العراق",
        "name": "لامەرکەزی",
        "name:ar": "لامركزي",
        "name:ar1": "لامركزي",
        "name:ckb": "لامەرکەزی",
        "name:de": "Lamarkazi",
        "name:en": "Lamarkazi",
        "name:fr": "Lamarkazi",
        "place": "village",
        "wikidata": "Q61380650",
        "wikipedia": "ckb:لامەرکەزی، ھەڵەبجە"
      },
      "geometry": {
        "type": "Point",
        "coordinates": [
          45.9495245,
          35.2845188
        ]
      },
      "id": "node/2489390223"
    },
    {
      "type": "Feature",
      "properties": {
        "@id": "node/2489390420",
        "is_in": "Iraq , جمهورية العراق",
        "name": "نێرگزەجاڕ",
        "name:ar": "نیرگسةجار",
        "name:ar1": "نوسنجار",
        "name:ckb": "نێرگزەجاڕ",
        "name:de": "Nergsajar",
        "name:en": "Nergsajar",
        "name:fr": "Nergsajar",
        "place": "village",
        "wikidata": "Q61380710",
        "wikipedia": "ckb:نێرگزەجاڕ"
      },
      "geometry": {
        "type": "Point",
        "coordinates": [
          45.8194274,
          35.1875877
        ]
      },
      "id": "node/2489390420"
    },
    {
      "type": "Feature",
      "properties": {
        "@id": "node/2489390472",
        "alt_name": "قاجر;قجر",
        "int_name": "Qājar, قاجر, Qajar, قاجر;Qajar, Qajar",
        "is_in": "Iraq , جمهورية العراق",
        "name": "قاجر",
        "name:ar": "قاجر",
        "name:ar1": "قاجر;قجر",
        "name:ckb": "قاجر",
        "name:de": "Qajr",
        "name:en": "Qajr",
        "name:fr": "Qajr",
        "place": "village",
        "wikidata": "Q61380924",
        "wikipedia": "ckb:قاجر"
      },
      "geometry": {
        "type": "Point",
        "coordinates": [
          45.9400212,
          35.3132294
        ]
      },
      "id": "node/2489390472"
    },
    {
      "type": "Feature",
      "properties": {
        "@id": "node/2489390563",
        "alt_name": "قرتاس",
        "int_name": "Qurtās, Qurtas",
        "is_in": "Iraq , جمهورية العراق",
        "name": "قورتاس",
        "name:ar": "قرتاس",
        "name:ar1": "قرتاس",
        "name:de": "Qurtas",
        "name:en": "Qurtas",
        "name:fr": "Qurtas",
        "place": "village"
      },
      "geometry": {
        "type": "Point",
        "coordinates": [
          45.8829142,
          35.2363144
        ]
      },
      "id": "node/2489390563"
    },
    {
      "type": "Feature",
      "properties": {
        "@id": "node/2489390595",
        "name": "شەکڕاڵی",
        "name:ar": "شکرالي",
        "name:ckb": "شەکڕاڵی",
        "name:de": "Shakraly",
        "name:en": "Shakraly",
        "name:fr": "Shakraly",
        "place": "village",
        "wikidata": "Q61380909",
        "wikipedia": "ckb:شەکڕاڵی"
      },
      "geometry": {
        "type": "Point",
        "coordinates": [
          45.9589366,
          35.2813746
        ]
      },
      "id": "node/2489390595"
    },
    {
      "type": "Feature",
      "properties": {
        "@id": "node/2489390601",
        "alt_name": "سورك",
        "int_name": "Surik, Sūrik, Surik, Surik",
        "is_in": "Iraq , جمهورية العراق",
        "name": "سورك",
        "name:ar": "سورك",
        "name:ar1": "سورك",
        "name:de": "Surik",
        "name:en": "Surik",
        "name:fr": "Surik",
        "place": "locality"
      },
      "geometry": {
        "type": "Point",
        "coordinates": [
          45.8775,
          35.224444
        ]
      },
      "id": "node/2489390601"
    },
    {
      "type": "Feature",
      "properties": {
        "@id": "node/2489390619",
        "name": "تەپەگوڵاوی",
        "name:ar": "تبةکولاوی",
        "name:ckb": "تەپەگوڵاوی",
        "name:de": "Tapa Gulawi",
        "name:en": "Tapa Gulawi",
        "name:fr": "Tapa Gulawi",
        "place": "village",
        "wikidata": "Q61380361",
        "wikipedia": "ckb:تەپەگوڵاوی"
      },
      "geometry": {
        "type": "Point",
        "coordinates": [
          45.943267,
          35.2812679
        ]
      },
      "id": "node/2489390619"
    },
    {
      "type": "Feature",
      "properties": {
        "@id": "node/2489390625",
        "name": "تەپە تۆڵەکە",
        "name:ar": "تبةتولکة",
        "name:ckb": "تەپە تۆڵەکە",
        "name:de": "Tapa Tolaka",
        "name:en": "Tapa Tolaka",
        "name:fr": "Tapa Tolaka",
        "place": "village",
        "wikidata": "Q61380354",
        "wikipedia": "ckb:تەپەتۆڵەکە"
      },
      "geometry": {
        "type": "Point",
        "coordinates": [
          45.9549925,
          35.2938037
        ]
      },
      "id": "node/2489390625"
    },
    {
      "type": "Feature",
      "properties": {
        "@id": "node/2489390665",
        "alt_name": "وادي كردة",
        "int_name": "Wādī Kirdah, وادي كرده, Wadi Kirdah, وادي كرده",
        "is_in": "Iraq , جمهورية العراق",
        "name": "وادي كردة",
        "name:ar": "وادي كردة",
        "name:ar1": "وادي كردة",
        "name:de": "Wadi Kirdah",
        "name:en": "Wadi Kirdah",
        "name:fr": "Wadi Kirdah",
        "place": "locality"
      },
      "geometry": {
        "type": "Point",
        "coordinates": [
          45.916687,
          35.238961
        ]
      },
      "id": "node/2489390665"
    },
    {
      "type": "Feature",
      "properties": {
        "@id": "node/2489390681",
        "alt_name": "وادي قورتاسي",
        "int_name": "Wādī Qūrtāsī, وادي قورتاسي, Wadi Qurtasi, وادي قورتاسي",
        "is_in": "Iraq , جمهورية العراق",
        "name": "وادي قورتاسي",
        "name:ar": "وادي قورتاسي",
        "name:ar1": "وادي قورتاسي",
        "name:de": "Wadi Qurtasi",
        "name:en": "Wadi Qurtasi",
        "name:fr": "Wadi Qurtasi",
        "place": "locality"
      },
      "geometry": {
        "type": "Point",
        "coordinates": [
          45.8795592,
          35.239786
        ]
      },
      "id": "node/2489390681"
    },
    {
      "type": "Feature",
      "properties": {
        "@id": "node/2489390706",
        "alt_name": "زنكل;كاكردة مك",
        "int_name": "Zankal, Zankal;Kahgirdal, Kākirdah Mak, كاكرده مك, Kahgirdal, Kakirdah Mak, كاكرده مك",
        "is_in": "Iraq , جمهورية العراق",
        "name": "کاگردەڵە",
        "name:ar": "کاکردلة",
        "name:ar1": "زنكل;كاكردة مك",
        "name:de": "Kagrdala",
        "name:en": "Kagrdala",
        "name:fr": "Kagrdala",
        "place": "village",
        "wikidata": "Q61380573",
        "wikipedia": "ckb:کاگردەڵ"
      },
      "geometry": {
        "type": "Point",
        "coordinates": [
          45.9166501,
          35.2437471
        ]
      },
      "id": "node/2489390706"
    },
    {
      "type": "Feature",
      "properties": {
        "@id": "node/2489390709",
        "alt_name": "زرديان محمود كاكا شيخ",
        "int_name": "Zardiyān Maḩmūd Kākā Shaykh, زرديان محمود كاكا شيخ, Zardiyan Mahmud Kaka Shaykh, زرديان محمود كاكا شيخ",
        "is_in": "Iraq , جمهورية العراق",
        "name": "زرديان محمود كاكا شيخ",
        "name:ar": "زرديان محمود كاكا شيخ",
        "name:ar1": "زرديان محمود كاكا شيخ",
        "name:de": "Zardiyan Mahmud Kaka Shaykh",
        "name:en": "Zardiyan Mahmud Kaka Shaykh",
        "name:fr": "Zardiyan Mahmud Kaka Shaykh",
        "place": "locality"
      },
      "geometry": {
        "type": "Point",
        "coordinates": [
          45.916347,
          35.283454
        ]
      },
      "id": "node/2489390709"
    },
    {
      "type": "Feature",
      "properties": {
        "@id": "node/2817251820",
        "name": "بانی شار",
        "name:ar": "بانيشار",
        "name:ckb": "بانی شار",
        "name:en": "Banishar",
        "name:fr": "Banishar",
        "place": "village",
        "wikidata": "Q14654169",
        "wikipedia": "ckb:بانی شار"
      },
      "geometry": {
        "type": "Point",
        "coordinates": [
          46.0190751,
          35.3321017
        ]
      },
      "id": "node/2817251820"
    },
    {
      "type": "Feature",
      "properties": {
        "@id": "node/4245889353",
        "name": "پریسی سەروو",
        "name:ar": "بریسي العلیا",
        "name:ckb": "پریسی سەروو",
        "name:de": "Upper Pris",
        "name:en": "Upper Pris",
        "name:fr": "Upper Pris",
        "place": "village",
        "wikidata": "Q61380298",
        "wikipedia": "ckb:پریسی سەروو"
      },
      "geometry": {
        "type": "Point",
        "coordinates": [
          45.9428229,
          35.1596504
        ]
      },
      "id": "node/4245889353"
    },
    {
      "type": "Feature",
      "properties": {
        "@id": "node/4577764990",
        "name": "گەڕەکی جوولەکەکان",
        "name:en": "Julakakan Qtr.",
        "name:ku": "گەڕەکی جوولەکەکان",
        "place": "quarter"
      },
      "geometry": {
        "type": "Point",
        "coordinates": [
          45.986067,
          35.1758209
        ]
      },
      "id": "node/4577764990"
    },
    {
      "type": "Feature",
      "properties": {
        "@id": "node/5237756817",
        "name": "قەڵبەزە",
        "name:en": "Qallbaza",
        "place": "village",
        "wikidata": "Q61380940",
        "wikipedia": "ckb:قەڵبەزە"
      },
      "geometry": {
        "type": "Point",
        "coordinates": [
          45.950581,
          35.4294387
        ]
      },
      "id": "node/5237756817"
    },
    {
      "type": "Feature",
      "properties": {
        "@id": "node/6697683638",
        "name": "دۆڵبیان",
        "name:ar": "بالانیان",
        "name:ckb": "دۆڵبیان",
        "name:en": "palanyan",
        "name:ku": "پاڵانیان",
        "place": "village",
        "wikidata": "Q5987425",
        "wikipedia": "ckb:دۆڵبیان"
      },
      "geometry": {
        "type": "Point",
        "coordinates": [
          46.1502985,
          35.1693414
        ]
      },
      "id": "node/6697683638"
    },
    {
      "type": "Feature",
      "properties": {
        "@id": "node/6697719498",
        "name": "تلەوەرێ",
        "name:ar": "تلةوري",
        "name:en": "Tlaware",
        "place": "village",
        "wikidata": "Q61380338",
        "wikipedia": "ckb:تلەوەرێ"
      },
      "geometry": {
        "type": "Point",
        "coordinates": [
          46.0491269,
          35.1003659
        ]
      },
      "id": "node/6697719498"
    },
    {
      "type": "Feature",
      "properties": {
        "@id": "node/6698063570",
        "name": "شەشکی سەروو",
        "name:ar": "ششکي العلیا",
        "name:ckb": "شەشکی سەروو",
        "name:de": "Upper Shashk",
        "name:en": "Upper Shashk",
        "name:fr": "Upper Shashk",
        "place": "village",
        "wikidata": "Q61380884",
        "wikipedia": "ckb:شەشکی سەروو"
      },
      "geometry": {
        "type": "Point",
        "coordinates": [
          45.9864882,
          35.2775553
        ]
      },
      "id": "node/6698063570"
    },
    {
      "type": "Feature",
      "properties": {
        "@id": "node/6698065916",
        "name": "خێڵی حەمە",
        "name:ar": "خیلي حمة",
        "name:ckb": "خێڵی حەمە",
        "name:de": "Kheli Hama",
        "name:en": "Kheli Hama",
        "name:fr": "Kheli Hama",
        "place": "village",
        "wikidata": "Q5988804",
        "wikipedia": "ckb:خێڵی حەمە"
      },
      "geometry": {
        "type": "Point",
        "coordinates": [
          46.0095018,
          35.2631672
        ]
      },
      "id": "node/6698065916"
    },
    {
      "type": "Feature",
      "properties": {
        "@id": "node/6698065959",
        "name": "تەپی سەفای سەروو",
        "name:ar": "تبي صفا",
        "name:ckb": "تەپی سەفای سەروو",
        "name:de": "Upper tapi Safa",
        "name:en": "Upper tapi Safa",
        "name:fr": "Upper tapi Safa",
        "place": "village",
        "wikidata": "Q61380830",
        "wikipedia": "ckb:تەپی سەفای سەروو"
      },
      "geometry": {
        "type": "Point",
        "coordinates": [
          45.9835538,
          35.2823534
        ]
      },
      "id": "node/6698065959"
    },
    {
      "type": "Feature",
      "properties": {
        "@id": "node/6698068578",
        "name": "تەپی سەفای خواروو",
        "name:ar": "تبي صفا",
        "name:ckb": "تەپی سەفای خواروو",
        "name:de": "Lower Tapi Safa",
        "name:en": "Lower Tapi Safa",
        "name:fr": "Lower Tapi Safa",
        "place": "village",
        "wikidata": "Q61380813",
        "wikipedia": "ckb:تەپی سەفای خواروو"
      },
      "geometry": {
        "type": "Point",
        "coordinates": [
          45.9794992,
          35.2871043
        ]
      },
      "id": "node/6698068578"
    },
    {
      "type": "Feature",
      "properties": {
        "@id": "node/6698072618",
        "name": "گردی گۆ",
        "name:ar": "کردي کو",
        "name:ckb": "Grdi Qazy",
        "name:de": "Grdi Go",
        "name:en": "Grdi Go",
        "name:fr": "Grdi Go",
        "place": "village",
        "wikidata": "Q61380626",
        "wikipedia": "ckb:گردی گۆ"
      },
      "geometry": {
        "type": "Point",
        "coordinates": [
          45.9700614,
          35.3025122
        ]
      },
      "id": "node/6698072618"
    },
    {
      "type": "Feature",
      "properties": {
        "@id": "node/6698073160",
        "name": "گوڵەخانە",
        "name:ar": "كولخانة",
        "name:ckb": "گوڵەخانە",
        "name:en": "Gulakhana",
        "name:ku": "Gullexane",
        "place": "village",
        "wikidata": "Q61381003",
        "wikipedia": "ckb:گوڵەخانە"
      },
      "geometry": {
        "type": "Point",
        "coordinates": [
          45.972332,
          35.3371391
        ]
      },
      "id": "node/6698073160"
    },
    {
      "type": "Feature",
      "properties": {
        "@id": "node/6698078912",
        "name": "گۆمەلار",
        "name:ar": "کومةلار",
        "name:ckb": "گۆمەلار",
        "name:de": "Gomalar",
        "name:en": "Gomalar",
        "name:fr": "Gomalar",
        "place": "village",
        "wikidata": "Q61381014",
        "wikipedia": "ckb:گۆمەلار"
      },
      "geometry": {
        "type": "Point",
        "coordinates": [
          46.0183392,
          35.2735069
        ]
      },
      "id": "node/6698078912"
    },
    {
      "type": "Feature",
      "properties": {
        "@id": "node/6698087974",
        "alt_name": "عامورة",
        "int_name": "Āmūrah, عاموره, Amurah, عاموره",
        "is_in": "Iraq , جمهورية العراق",
        "name": "عامورە",
        "name:ar": "عامورة",
        "name:ar1": "عامورة",
        "name:de": "Amurah",
        "name:en": "Amurah",
        "name:fr": "Amurah",
        "place": "village",
        "wikidata": "Q61380923",
        "wikipedia": "ckb:عامورە"
      },
      "geometry": {
        "type": "Point",
        "coordinates": [
          46.0068336,
          35.3534822
        ]
      },
      "id": "node/6698087974"
    },
    {
      "type": "Feature",
      "properties": {
        "@id": "node/6698088778",
        "name": "مەلا وەیسە",
        "name:ar": "ملاویسة",
        "name:ckb": "مەلا وەیسە",
        "name:en": "Mala Waysa",
        "name:fr": "Mala Waysa",
        "place": "village",
        "wikidata": "Q61381028",
        "wikipedia": "ckb:مەلاوەیسە"
      },
      "geometry": {
        "type": "Point",
        "coordinates": [
          45.9649152,
          35.3474024
        ]
      },
      "id": "node/6698088778"
    },
    {
      "type": "Feature",
      "properties": {
        "@id": "node/6698092133",
        "name": "تەپە ڕێزینە",
        "name:ar": "تبةریزینة",
        "name:ckb": "تەپە ڕێزینە",
        "name:de": "Tapa Rezyna",
        "name:en": "Tapa Rezyna",
        "name:fr": "Tapa Rezyna",
        "place": "village",
        "wikidata": "Q61380792",
        "wikipedia": "ckb:تەپەڕێزینە"
      },
      "geometry": {
        "type": "Point",
        "coordinates": [
          45.9665338,
          35.3122792
        ]
      },
      "id": "node/6698092133"
    },
    {
      "type": "Feature",
      "properties": {
        "@id": "node/6698104735",
        "name": "میرەسوور",
        "name:ar": "میرە سوور",
        "name:en": "Mira Soor",
        "place": "village",
        "wikidata": "Q61381036",
        "wikipedia": "ckb:میرەسور"
      },
      "geometry": {
        "type": "Point",
        "coordinates": [
          45.9976358,
          35.370893
        ]
      },
      "id": "node/6698104735"
    },
    {
      "type": "Feature",
      "properties": {
        "@id": "node/6698106683",
        "name": "هەوارە کۆن",
        "name:ar": "ھاوارةکون",
        "name:ckb": "هەوارە کۆن",
        "name:en": "Hawara Kon",
        "place": "village",
        "wikidata": "Q61390437",
        "wikipedia": "ckb:ھاوارەکۆن"
      },
      "geometry": {
        "type": "Point",
        "coordinates": [
          46.1317625,
          35.13535
        ]
      },
      "id": "node/6698106683"
    },
    {
      "type": "Feature",
      "properties": {
        "@id": "node/6698140108",
        "name": "دەرەی مەڕ",
        "name:ar": "دري مر",
        "name:ckb": "دەرەی مەڕ",
        "name:en": "Darai Mar",
        "name:ku": "Dereya Merr",
        "place": "village",
        "wikidata": "Q5989633",
        "wikipedia": "ckb:دەرەی مەڕ"
      },
      "geometry": {
        "type": "Point",
        "coordinates": [
          46.1081924,
          35.3012238
        ]
      },
      "id": "node/6698140108"
    },
    {
      "type": "Feature",
      "properties": {
        "@id": "node/6698502201",
        "name": "ڕۆستەم بەگ",
        "name:ar": "روستةم بک",
        "name:en": "Rostam Bag",
        "place": "village",
        "wikidata": "Q5987479",
        "wikipedia": "ckb:ئاوایی ڕۆستەم بەگ"
      },
      "geometry": {
        "type": "Point",
        "coordinates": [
          46.0516232,
          35.2849756
        ]
      },
      "id": "node/6698502201"
    },
    {
      "type": "Feature",
      "properties": {
        "@id": "node/6698553475",
        "name": "چاوگی کۆکۆیی",
        "name:ar": "جاوکي کوکوي",
        "name:ckb": "چاوگی کۆکۆیی",
        "name:de": "Chawgi Kokoyi",
        "name:en": "Chawgi Kokoyi",
        "name:fr": "Chawgi Kokoyi",
        "place": "village",
        "wikidata": "Q61380402",
        "wikipedia": "ckb:چاوگی کۆکۆیی"
      },
      "geometry": {
        "type": "Point",
        "coordinates": [
          45.9747338,
          35.146902
        ]
      },
      "id": "node/6698553475"
    },
    {
      "type": "Feature",
      "properties": {
        "@id": "node/6698571376",
        "name": "گردەناوێ",
        "name:ar": "کردةناوي",
        "name:en": "Grdanawe",
        "place": "village",
        "wikidata": "Q61380610",
        "wikipedia": "ckb:گردەناوێ"
      },
      "geometry": {
        "type": "Point",
        "coordinates": [
          45.9934357,
          35.0895182
        ]
      },
      "id": "node/6698571376"
    },
    {
      "type": "Feature",
      "properties": {
        "@id": "node/6698602285",
        "name": "کەوتە",
        "name:ar": "کةوتة",
        "name:en": "Kawta",
        "place": "village",
        "wikidata": "Q61380603",
        "wikipedia": "ckb:کەوتە"
      },
      "geometry": {
        "type": "Point",
        "coordinates": [
          45.9123216,
          35.1038699
        ]
      },
      "id": "node/6698602285"
    },
    {
      "type": "Feature",
      "properties": {
        "@id": "node/6698740936",
        "name": "تەوەنەبەل",
        "name:ar": "تةوةنةبةل",
        "name:en": "Tawanabal",
        "place": "village",
        "wikidata": "Q61380373",
        "wikipedia": "ckb:تەوەنەبەل"
      },
      "geometry": {
        "type": "Point",
        "coordinates": [
          45.969457,
          35.0751098
        ]
      },
      "id": "node/6698740936"
    },
    {
      "type": "Feature",
      "properties": {
        "@id": "node/6698753583",
        "name": "غوڵامی خوارووی کۆن",
        "name:ar": "غولامي السفلی القدیمة",
        "name:en": "Ghulami Lower Old",
        "place": "village",
        "wikidata": "Q61380541",
        "wikipedia": "ckb:غوڵامی خواروو"
      },
      "geometry": {
        "type": "Point",
        "coordinates": [
          45.8666161,
          35.2090677
        ]
      },
      "id": "node/6698753583"
    },
    {
      "type": "Feature",
      "properties": {
        "@id": "node/6698770889",
        "name": "غوڵامی خوارووی تازە",
        "name:ar": "غولامي السفلی الجدیدة",
        "name:en": "Ghulami Upper New",
        "place": "village",
        "wikidata": "Q61380541",
        "wikipedia": "ckb:غوڵامی خواروو"
      },
      "geometry": {
        "type": "Point",
        "coordinates": [
          45.8709078,
          35.2150015
        ]
      },
      "id": "node/6698770889"
    },
    {
      "type": "Feature",
      "properties": {
        "@id": "node/6698772304",
        "name": "زەمەقی خواروو",
        "name:ar": "زمق السفلی",
        "name:ckb": "زەمەقی خواروو",
        "name:de": "Lower Zamaq",
        "name:en": "Lower Zamaq",
        "name:fr": "Lower Zamaq",
        "place": "village",
        "wikidata": "Q61380497",
        "wikipedia": "ckb:زەمەقی خواروو"
      },
      "geometry": {
        "type": "Point",
        "coordinates": [
          45.9692522,
          35.2235232
        ]
      },
      "id": "node/6698772304"
    },
    {
      "type": "Feature",
      "properties": {
        "@id": "node/6708442203",
        "name": "کوڵکنی سمایل خەسرەو",
        "name:ar": "کولکني اسماعیل خسرو",
        "name:en": "Kulkni Ismail Khasraw",
        "place": "village",
        "wikidata": "Q61380962",
        "wikipedia": "ckb:کوڵکنی ئیسماعیل خەسرەو"
      },
      "geometry": {
        "type": "Point",
        "coordinates": [
          45.9921743,
          35.3054011
        ]
      },
      "id": "node/6708442203"
    },
    {
      "type": "Feature",
      "properties": {
        "@id": "node/7198303684",
        "name": "ئاوایی حەمەی فەرەج",
        "name:ar": "حمةفرج",
        "name:ckb": "ئاوایی حەمەی فەرەج",
        "name:de": "Hamai Faraj",
        "name:en": "Hamai Faraj",
        "name:fr": "Hamai Faraj",
        "place": "village",
        "wikidata": "Q61380757",
        "wikipedia": "ckb:ئاوایی حەمەی فەرەج"
      },
      "geometry": {
        "type": "Point",
        "coordinates": [
          46.0051432,
          35.3099302
        ]
      },
      "id": "node/7198303684"
    },
    {
      "type": "Feature",
      "properties": {
        "@id": "node/7198367001",
        "name": "کشەدەری",
        "name:ar": "کشةدري",
        "name:ckb": "کشەدەری",
        "name:en": "Kshadary",
        "place": "village",
        "wikidata": "Q61380965",
        "wikipedia": "ckb:کشەدەری"
      },
      "geometry": {
        "type": "Point",
        "coordinates": [
          45.9464432,
          35.3072996
        ]
      },
      "id": "node/7198367001"
    },
    {
      "type": "Feature",
      "properties": {
        "@id": "node/7198409255",
        "name": "بەکراوا",
        "name:ar": "بکراوا",
        "name:ckb": "بەکراوا",
        "name:en": "Bakrawa",
        "place": "village",
        "wikidata": "Q61380251",
        "wikipedia": "ckb:بەکراوا"
      },
      "geometry": {
        "type": "Point",
        "coordinates": [
          45.9406582,
          35.2193538
        ]
      },
      "id": "node/7198409255"
    },
    {
      "type": "Feature",
      "properties": {
        "@id": "node/7198412103",
        "name": "ناوباخان",
        "name:ar": "ناوباخان",
        "name:en": "Nawbakhan",
        "place": "village",
        "wikidata": "Q61381042",
        "wikipedia": "ckb:ناوباخان"
      },
      "geometry": {
        "type": "Point",
        "coordinates": [
          46.0600304,
          35.2987356
        ]
      },
      "id": "node/7198412103"
    },
    {
      "type": "Feature",
      "properties": {
        "@id": "node/7198416682",
        "name": "شەشکی خواروو",
        "name:ar": "ششکي سفلی",
        "name:ckb": "شەشکی خواروو",
        "name:de": "Shashki Lower",
        "name:en": "Shashki Lower",
        "name:fr": "Shashki Lower",
        "place": "village",
        "wikidata": "Q61380907",
        "wikipedia": "ckb:شەشکی خواروو"
      },
      "geometry": {
        "type": "Point",
        "coordinates": [
          45.9911945,
          35.2742764
        ]
      },
      "id": "node/7198416682"
    },
    {
      "type": "Feature",
      "properties": {
        "@id": "node/7198448647",
        "name": "دەڵێنی",
        "name:ar": "دلیني",
        "name:ckb": "دەڵێنی",
        "name:en": "Daleny",
        "place": "village",
        "wikidata": "Q61380463",
        "wikipedia": "ckb:دەڵێنی"
      },
      "geometry": {
        "type": "Point",
        "coordinates": [
          45.9552489,
          35.2319781
        ]
      },
      "id": "node/7198448647"
    },
    {
      "type": "Feature",
      "properties": {
        "@id": "node/7198463146",
        "name": "قشڵاغەڕووتە",
        "name:ar": "قشلاغةروتة",
        "name:ckb": "قشڵاغەڕووتە",
        "name:de": "Qshlagha Ruta",
        "name:en": "Qshlagha Ruta",
        "name:fr": "Qshlagha Ruta",
        "place": "village",
        "wikidata": "Q61380559",
        "wikipedia": "ckb:قشڵاغەڕووتە"
      },
      "geometry": {
        "type": "Point",
        "coordinates": [
          45.9904327,
          35.2412895
        ]
      },
      "id": "node/7198463146"
    },
    {
      "type": "Feature",
      "properties": {
        "@id": "node/7198466349",
        "name": "حەمەوغان",
        "name:ar": "حمةوغان",
        "name:ckb": "حەمەوغان",
        "name:en": "Hamawghan",
        "place": "village",
        "wikidata": "Q61380445",
        "wikipedia": "ckb:حەمەوغان"
      },
      "geometry": {
        "type": "Point",
        "coordinates": [
          45.9709589,
          35.208976
        ]
      },
      "id": "node/7198466349"
    },
    {
      "type": "Feature",
      "properties": {
        "@id": "node/7214300760",
        "name": "تونی حاجی حەسەن",
        "name:ar": "توني حاجي حسن",
        "name:en": "Tuni Haji Hassan",
        "place": "village",
        "wikidata": "Q61380389",
        "wikipedia": "ckb:تونی حاجی حەسەن"
      },
      "geometry": {
        "type": "Point",
        "coordinates": [
          45.8200446,
          35.1695075
        ]
      },
      "id": "node/7214300760"
    },
    {
      "type": "Feature",
      "properties": {
        "@id": "node/7214337161",
        "name": "بێلەنگە",
        "name:ar": "بیلنکة",
        "name:de": "Belanga",
        "name:en": "Belanga",
        "name:fr": "Belanga",
        "place": "village",
        "wikidata": "Q61380292",
        "wikipedia": "ckb:بێلەنگە"
      },
      "geometry": {
        "type": "Point",
        "coordinates": [
          45.9213757,
          35.1685435
        ]
      },
      "id": "node/7214337161"
    },
    {
      "type": "Feature",
      "properties": {
        "@id": "node/7216424484",
        "name": "بامۆک",
        "name:ar": "باموک",
        "name:en": "Bamok",
        "place": "village"
      },
      "geometry": {
        "type": "Point",
        "coordinates": [
          45.9953869,
          35.1609232
        ]
      },
      "id": "node/7216424484"
    },
    {
      "type": "Feature",
      "properties": {
        "@id": "node/7369614866",
        "name": "دەگاشێخان",
        "name:ar": "دکاشیخان",
        "name:ckb": "دەگاشێخان",
        "name:en": "Dagashekhan",
        "name:ku": "Degaşêxan",
        "place": "village",
        "wikidata": "Q5987443",
        "wikipedia": "ckb:دەگاشێخان"
      },
      "geometry": {
        "type": "Point",
        "coordinates": [
          46.1278517,
          35.2234443
        ]
      },
      "id": "node/7369614866"
    },
    {
      "type": "Feature",
      "properties": {
        "@id": "node/7369636198",
        "name": "بەڵخەی سەروو",
        "name:ar": "بلخة العلیا",
        "name:ckb": "بەڵخەی سەروو",
        "name:en": "Balkha Upper",
        "name:ku": "Bellxeya Jorîn",
        "place": "village",
        "wikidata": "Q5987419",
        "wikipedia": "ckb:بەڵخە"
      },
      "geometry": {
        "type": "Point",
        "coordinates": [
          46.1500919,
          35.1996017
        ]
      },
      "id": "node/7369636198"
    },
    {
      "type": "Feature",
      "properties": {
        "@id": "node/7369662108",
        "name": "بیارە",
        "name:ar": "بيارة",
        "name:ckb": "بیارە",
        "name:en": "Byara",
        "name:fa": "بیارە",
        "name:hac": "بیٛارێ",
        "name:ku": "Biyare",
        "name:ml": "ബ്യാറ",
        "place": "town",
        "wikidata": "Q5765189",
        "wikipedia": "ckb:بیارە"
      },
      "geometry": {
        "type": "Point",
        "coordinates": [
          46.12064,
          35.2308274
        ]
      },
      "id": "node/7369662108"
    },
    {
      "type": "Feature",
      "properties": {
        "@id": "node/7369700230",
        "name": "ھانەنەوتێ",
        "name:ar": "ھانةنوتي",
        "name:en": "Hana Nawte",
        "place": "village",
        "wikidata": "Q5987463",
        "wikipedia": "ckb:ھانەنەوتێ"
      },
      "geometry": {
        "type": "Point",
        "coordinates": [
          46.0967028,
          35.2194144
        ]
      },
      "id": "node/7369700230"
    },
    {
      "type": "Feature",
      "properties": {
        "@id": "node/7369704941",
        "name": "گریانە",
        "name:ar": "کریانة",
        "name:ckb": "گریانە",
        "name:en": "Gryana",
        "name:ku": "Giryane",
        "place": "village",
        "wikidata": "Q5987429",
        "wikipedia": "ckb:گریانە"
      },
      "geometry": {
        "type": "Point",
        "coordinates": [
          46.1501607,
          35.1170574
        ]
      },
      "id": "node/7369704941"
    },
    {
      "type": "Feature",
      "properties": {
        "@id": "node/7388474929",
        "name": "گوڵپ",
        "name:ar": "کولب",
        "name:ckb": "گوڵپ",
        "name:en": "Gulp",
        "name:ku": "Gullip",
        "place": "village",
        "wikidata": "Q61382922",
        "wikipedia": "ckb:گوڵپ"
      },
      "geometry": {
        "type": "Point",
        "coordinates": [
          46.0856068,
          35.2633874
        ]
      },
      "id": "node/7388474929"
    },
    {
      "type": "Feature",
      "properties": {
        "@id": "node/7388475328",
        "name": "گەچینە",
        "name:ar": "کجینة",
        "name:ckb": "گەچینە",
        "name:en": "Gachena",
        "name:ku": "Geçêne",
        "place": "village",
        "wikidata": "Q5987457",
        "wikipedia": "ckb:گەچێنە"
      },
      "geometry": {
        "type": "Point",
        "coordinates": [
          46.1142398,
          35.2611266
        ]
      },
      "id": "node/7388475328"
    },
    {
      "type": "Feature",
      "properties": {
        "@id": "node/7388616570",
        "name": "سەرگەت",
        "name:ar": "سرکت",
        "name:ckb": "سەرگەت",
        "name:en": "Sargat",
        "name:hac": "سەرگەتە",
        "name:ku": "Serget",
        "place": "village",
        "wikidata": "Q5989057",
        "wikipedia": "ckb:سەرگەت"
      },
      "geometry": {
        "type": "Point",
        "coordinates": [
          46.1055778,
          35.2876761
        ]
      },
      "id": "node/7388616570"
    },
    {
      "type": "Feature",
      "properties": {
        "@id": "node/7388634251",
        "name": "درەکێ",
        "name:ar": "درکي",
        "name:en": "Drake",
        "place": "village",
        "wikidata": "Q61380166",
        "wikipedia": "ckb:درەکێ"
      },
      "geometry": {
        "type": "Point",
        "coordinates": [
          46.0892114,
          35.2405628
        ]
      },
      "id": "node/7388634251"
    },
    {
      "type": "Feature",
      "properties": {
        "@id": "node/7388634634",
        "name": "نارنجڵە",
        "name:ar": "نارنجلة",
        "name:en": "Narnjala",
        "place": "village",
        "wikidata": "Q5987451",
        "wikipedia": "ckb:نارنجڵە"
      },
      "geometry": {
        "type": "Point",
        "coordinates": [
          46.0997836,
          35.2454971
        ]
      },
      "id": "node/7388634634"
    },
    {
      "type": "Feature",
      "properties": {
        "@id": "node/7388635455",
        "name": "ھانەودنی",
        "name:ar": "ھانودني",
        "name:en": "Hanawdni",
        "place": "village",
        "wikidata": "Q5987460",
        "wikipedia": "ckb:ھانەودنی"
      },
      "geometry": {
        "type": "Point",
        "coordinates": [
          46.1099212,
          35.28993
        ]
      },
      "id": "node/7388635455"
    },
    {
      "type": "Feature",
      "properties": {
        "@id": "node/7388648101",
        "name": "زەردەھاڵ",
        "name:ar": "زردهال",
        "name:ckb": "زەردەھاڵ",
        "name:en": "Zardahal",
        "name:ku": "Zerdehall",
        "place": "village",
        "wikidata": "Q5987449",
        "wikipedia": "ckb:زەردەھاڵ"
      },
      "geometry": {
        "type": "Point",
        "coordinates": [
          46.0760579,
          35.2333946
        ]
      },
      "id": "node/7388648101"
    },
    {
      "type": "Feature",
      "properties": {
        "@id": "node/7388656447",
        "name": "بنجەودڕەی",
        "name:ar": "بنجودري",
        "name:ckb": "بنجەودڕەی",
        "name:en": "Bnjawdray",
        "name:ku": "Bincewdirrey",
        "place": "village",
        "wikidata": "Q5987452",
        "wikipedia": "ckb:بنجەودڕەی"
      },
      "geometry": {
        "type": "Point",
        "coordinates": [
          46.0834822,
          35.2346916
        ]
      },
      "id": "node/7388656447"
    },
    {
      "type": "Feature",
      "properties": {
        "@id": "node/7388671769",
        "name": "کولیژی",
        "name:ar": "کولیزي",
        "name:en": "Kulizhi",
        "place": "village",
        "wikidata": "Q61380168",
        "wikipedia": "ckb:کولیژی"
      },
      "geometry": {
        "type": "Point",
        "coordinates": [
          46.0630551,
          35.2166237
        ]
      },
      "id": "node/7388671769"
    },
    {
      "type": "Feature",
      "properties": {
        "@id": "node/7388676023",
        "name": "دەرەقەیسەر",
        "name:ar": "درقیسر",
        "name:ckb": "دەرەقەیسەر",
        "name:en": "Daraqaisar",
        "name:ku": "Dereqeyser",
        "place": "village",
        "wikidata": "Q5987445",
        "wikipedia": "ckb:دەرەقەیسەر"
      },
      "geometry": {
        "type": "Point",
        "coordinates": [
          46.0851805,
          35.2227922
        ]
      },
      "id": "node/7388676023"
    },
    {
      "type": "Feature",
      "properties": {
        "@id": "node/7388692415",
        "name": "خەرپانی",
        "name:ar": "خرباني",
        "name:ckb": "خەرپانی",
        "name:en": "Kharpani",
        "name:ku": "Xerpanî",
        "place": "village",
        "wikidata": "Q5987438",
        "wikipedia": "ckb:خەرپانی"
      },
      "geometry": {
        "type": "Point",
        "coordinates": [
          46.0705438,
          35.2174301
        ]
      },
      "id": "node/7388692415"
    },
    {
      "type": "Feature",
      "properties": {
        "@id": "node/7388699197",
        "name": "دەرەشیشی سەروو",
        "name:ar": "درشیش العلیا",
        "name:ckb": "دەرەشیشی سەروو",
        "name:en": "Darashish Upper",
        "name:ku": "Dereşîşa Jorîn",
        "place": "village",
        "wikidata": "Q61380850",
        "wikipedia": "ckb:دەرەشیشی سەروو"
      },
      "geometry": {
        "type": "Point",
        "coordinates": [
          46.0364166,
          35.2115668
        ]
      },
      "id": "node/7388699197"
    },
    {
      "type": "Feature",
      "properties": {
        "@id": "node/7388700847",
        "name": "سەرکەن",
        "name:ar": "سرکن",
        "name:en": "Sarkan",
        "place": "village",
        "wikidata": "Q61380882",
        "wikipedia": "ckb:سەرکەن"
      },
      "geometry": {
        "type": "Point",
        "coordinates": [
          46.0561752,
          35.1990285
        ]
      },
      "id": "node/7388700847"
    },
    {
      "type": "Feature",
      "properties": {
        "@id": "node/7388701203",
        "name": "تاوێرە",
        "name:ar": "تاویرة",
        "name:ckb": "تاوێرە",
        "name:en": "Tawera",
        "name:ku": "Tawêre",
        "place": "village",
        "wikidata": "Q5987432",
        "wikipedia": "ckb:تاوێرە"
      },
      "geometry": {
        "type": "Point",
        "coordinates": [
          46.0773874,
          35.1835467
        ]
      },
      "id": "node/7388701203"
    },
    {
      "type": "Feature",
      "properties": {
        "@id": "node/7388749992",
        "name": "دەرە تفێ",
        "name:ar": "دةرة تفي",
        "name:ckb": "دەرە تفێ",
        "name:en": "Daratfe",
        "name:ku": "deretfê",
        "place": "village",
        "wikidata": "Q61390443",
        "wikipedia": "ckb:دارەتفێ"
      },
      "geometry": {
        "type": "Point",
        "coordinates": [
          46.149605,
          35.1472798
        ]
      },
      "id": "node/7388749992"
    },
    {
      "type": "Feature",
      "properties": {
        "@id": "node/7388760509",
        "name": "پاڵانیان",
        "name:ar": "بالانیان",
        "name:ckb": "پاڵانیان",
        "name:en": "Palanyan",
        "name:ku": "Pallaniyan",
        "place": "village",
        "wikidata": "Q5987422",
        "wikipedia": "ckb:پاڵانیان"
      },
      "geometry": {
        "type": "Point",
        "coordinates": [
          46.1245129,
          35.1807601
        ]
      },
      "id": "node/7388760509"
    },
    {
      "type": "Feature",
      "properties": {
        "@id": "node/7388779549",
        "name": "جاوری",
        "name:ar": "جاوري",
        "name:ckb": "جاوری",
        "name:en": "Jawri",
        "name:ku": "Cawirî",
        "place": "village",
        "wikidata": "Q5987427",
        "wikipedia": "ckb:جاوری"
      },
      "geometry": {
        "type": "Point",
        "coordinates": [
          46.1451552,
          35.1835837
        ]
      },
      "id": "node/7388779549"
    },
    {
      "type": "Feature",
      "properties": {
        "@id": "node/7397128084",
        "name": "خارگێڵان",
        "name:ar": "خارکیلان",
        "name:ckb": "خارگێڵان",
        "name:en": "Khargelan",
        "name:ku": "Xargêllan",
        "place": "village",
        "wikidata": "Q5987447",
        "wikipedia": "ckb:خارگێڵان"
      },
      "geometry": {
        "type": "Point",
        "coordinates": [
          46.0567504,
          35.2427533
        ]
      },
      "id": "node/7397128084"
    },
    {
      "type": "Feature",
      "properties": {
        "@id": "node/8137219298",
        "alt_name": "كردنازة",
        "int_name": "Gird Naze, Girdanāzī, Kirdanāzah, كردنازه, Gird Naze, Girdanazi, Kirdanazah, كردنازه",
        "is_in": "Iraq , جمهورية العراق",
        "name": "قول خورد",
        "name:ar": "قولخورد",
        "name:ar1": "قولخورد",
        "name:de": "Qwllxwrd",
        "name:en": "Qwllxwrd",
        "name:fr": "Qwllxwrd",
        "place": "village",
        "wikidata": "Q61380947",
        "wikipedia": "ckb:قول خورد"
      },
      "geometry": {
        "type": "Point",
        "coordinates": [
          45.940843,
          35.3601658
        ]
      },
      "id": "node/8137219298"
    },
    {
      "type": "Feature",
      "properties": {
        "@id": "node/9134584440",
        "name": "گەڕەکی قەڵا",
        "place": "neighbourhood"
      },
      "geometry": {
        "type": "Point",
        "coordinates": [
          46.0384851,
          35.2990005
        ]
      },
      "id": "node/9134584440"
    },
    {
      "type": "Feature",
      "properties": {
        "@id": "node/9135086417",
        "name": "گەڕەکی خانەقا",
        "place": "neighbourhood"
      },
      "geometry": {
        "type": "Point",
        "coordinates": [
          46.1852624,
          35.1969426
        ]
      },
      "id": "node/9135086417"
    },
    {
      "type": "Feature",
      "properties": {
        "@id": "node/9135088618",
        "name": "گەڕەکی مالیدەر",
        "place": "neighbourhood"
      },
      "geometry": {
        "type": "Point",
        "coordinates": [
          46.1857178,
          35.2011151
        ]
      },
      "id": "node/9135088618"
    },
    {
      "type": "Feature",
      "properties": {
        "@id": "node/9135102117",
        "name": "گەڕەکی چڵانە",
        "place": "neighbourhood"
      },
      "geometry": {
        "type": "Point",
        "coordinates": [
          46.1848671,
          35.2003504
        ]
      },
      "id": "node/9135102117"
    },
    {
      "type": "Feature",
      "properties": {
        "@id": "node/9214987717",
        "addr:city": "هەڵەبجە",
        "addr:district": "شارۆچکەی ناوەندیی هەڵەبجە",
        "addr:postcode": "46018",
        "addr:province": "پارێزگای هەڵەبجە",
        "addr:state": "کوردستان",
        "addr:street": "Goran City",
        "name": "کەمالیاتی گۆران سیتی",
        "opening_hours": "24/7",
        "shop": "beauty",
        "website": "https://www.facebook.com/profile.php?id=100073275785755"
      },
      "geometry": {
        "type": "Point",
        "coordinates": [
          46.0128221,
          35.186156
        ]
      },
      "id": "node/9214987717"
    },
    {
      "type": "Feature",
      "properties": {
        "@id": "node/9310328317",
        "name": "گەڕەکی سەروەرانی ٢",
        "name:en": "Sharawani 2 Qtr.",
        "place": "suburb"
      },
      "geometry": {
        "type": "Point",
        "coordinates": [
          45.9686158,
          35.187198
        ]
      },
      "id": "node/9310328317"
    },
    {
      "type": "Feature",
      "properties": {
        "@id": "node/9594171262",
        "name": "ھاوار",
        "name:ckb": "ھاوار",
        "name:en": "Hawar",
        "name:ku": "Hawar",
        "place": "village",
        "wikidata": "Q61380178",
        "wikipedia": "ckb:ھاوار"
      },
      "geometry": {
        "type": "Point",
        "coordinates": [
          46.1178441,
          35.1608898
        ]
      },
      "id": "node/9594171262"
    },
    {
      "type": "Feature",
      "properties": {
        "@id": "node/10650259732",
        "name": "گۆران ستی",
        "place": "quarter"
      },
      "geometry": {
        "type": "Point",
        "coordinates": [
          46.0121009,
          35.1841492
        ]
      },
      "id": "node/10650259732"
    },
    {
      "type": "Feature",
      "properties": {
        "@id": "node/10651164011",
        "name": "حەسەن ئاوا",
        "name:ckb": "حەسەن ئاوا",
        "name:en": "Hasanawa",
        "place": "village",
        "wikidata": "Q61380425",
        "wikipedia": "ckb:حەسەن ئاوا"
      },
      "geometry": {
        "type": "Point",
        "coordinates": [
          45.9668967,
          35.1840499
        ]
      },
      "id": "node/10651164011"
    },
    {
      "type": "Feature",
      "properties": {
        "@id": "node/12054568605",
        "name": "باوەکۆچک",
        "name:ar": "باوةکوجک",
        "name:ckb": "باوەکۆچک",
        "name:en": "Bawakochak",
        "name:fr": "Bawakochak",
        "place": "village",
        "wikidata": "Q61380218",
        "wikipedia": "ckb:باوەکۆچک"
      },
      "geometry": {
        "type": "Point",
        "coordinates": [
          45.9809703,
          35.15601
        ]
      },
      "id": "node/12054568605"
    },
    {
      "type": "Feature",
      "properties": {
        "@id": "node/12057875214",
        "name": "گەڕەکی قەڵای 2",
        "place": "neighbourhood"
      },
      "geometry": {
        "type": "Point",
        "coordinates": [
          46.0418235,
          35.2957217
        ]
      },
      "id": "node/12057875214"
    },
    {
      "type": "Feature",
      "properties": {
        "@id": "node/12057875215",
        "name": "گەڕەکی ئاشتی",
        "place": "neighbourhood"
      },
      "geometry": {
        "type": "Point",
        "coordinates": [
          46.0330598,
          35.3015376
        ]
      },
      "id": "node/12057875215"
    },
    {
      "type": "Feature",
      "properties": {
        "@id": "node/12444856667",
        "name": "گەڕەکی سەرا",
        "name:en": "Sara Qtr.",
        "place": "quarter"
      },
      "geometry": {
        "type": "Point",
        "coordinates": [
          45.9929761,
          35.1720394
        ]
      },
      "id": "node/12444856667"
    },
    {
      "type": "Feature",
      "properties": {
        "@id": "node/12444856668",
        "name": "گەڕەکی شارەوانی ١",
        "place": "quarter"
      },
      "geometry": {
        "type": "Point",
        "coordinates": [
          45.9945811,
          35.1908951
        ]
      },
      "id": "node/12444856668"
    },
    {
      "type": "Feature",
      "properties": {
        "@id": "node/12444856669",
        "name": "گەرەکی شارێ",
        "name:en": "Shahre Qtr.",
        "place": "quarter"
      },
      "geometry": {
        "type": "Point",
        "coordinates": [
          45.9993605,
          35.1872069
        ]
      },
      "id": "node/12444856669"
    },
    {
      "type": "Feature",
      "properties": {
        "@id": "node/12444856670",
        "name": "گەڕەکی مامۆستایان",
        "name:en": "Mamostayan Qtr.",
        "place": "quarter"
      },
      "geometry": {
        "type": "Point",
        "coordinates": [
          45.9963211,
          35.1827018
        ]
      },
      "id": "node/12444856670"
    },
    {
      "type": "Feature",
      "properties": {
        "@id": "node/12444856671",
        "name": "گەڕەکی دەروازە",
        "name:en": "Darwaza Qtr.",
        "place": "quarter"
      },
      "geometry": {
        "type": "Point",
        "coordinates": [
          45.9685849,
          35.1947625
        ]
      },
      "id": "node/12444856671"
    },
    {
      "type": "Feature",
      "properties": {
        "@id": "node/12444856672",
        "name": "گەرەکی شۆرش (پارتیەکان)",
        "place": "quarter"
      },
      "geometry": {
        "type": "Point",
        "coordinates": [
          46.016357,
          35.1870215
        ]
      },
      "id": "node/12444856672"
    },
    {
      "type": "Feature",
      "properties": {
        "@id": "node/12444856673",
        "name": "گەڕەکی گوڵان",
        "name:en": "Gulan Qtr.",
        "place": "quarter"
      },
      "geometry": {
        "type": "Point",
        "coordinates": [
          45.9794858,
          35.1751821
        ]
      },
      "id": "node/12444856673"
    },
    {
      "type": "Feature",
      "properties": {
        "@id": "node/12444856674",
        "name": "گەڕەکی شنروێ",
        "name:en": "Shnirwe Qtr.",
        "place": "quarter"
      },
      "geometry": {
        "type": "Point",
        "coordinates": [
          46.0029766,
          35.1749638
        ]
      },
      "id": "node/12444856674"
    },
    {
      "type": "Feature",
      "properties": {
        "@id": "node/12762926343",
        "name": "گەڕەکی کانی قولگە",
        "name:en": "KaniQulga Qtr.",
        "place": "quarter"
      },
      "geometry": {
        "type": "Point",
        "coordinates": [
          45.9864546,
          35.1822545
        ]
      },
      "id": "node/12762926343"
    },
    {
      "type": "Feature",
      "properties": {
        "@id": "node/13308362127",
        "name": "بەرامبەر",
        "place": "neighbourhood"
      },
      "geometry": {
        "type": "Point",
        "coordinates": [
          46.1867137,
          35.1996092
        ]
      },
      "id": "node/13308362127"
    },
    {
      "type": "Feature",
      "properties": {
        "@id": "node/13543933028",
        "name": "بانی ئاوڕەحمان فەتاح",
        "place": "locality"
      },
      "geometry": {
        "type": "Point",
        "coordinates": [
          45.8676118,
          35.2199714
        ]
      },
      "id": "node/13543933028"
    },
    {
      "type": "Feature",
      "properties": {
        "@id": "node/13694802166",
        "name": "حەسەناوە",
        "place": "village"
      },
      "geometry": {
        "type": "Point",
        "coordinates": [
          46.0028642,
          35.36075
        ]
      },
      "id": "node/13694802166"
    },
    {
      "type": "Feature",
      "properties": {
        "@id": "node/13738291115",
        "name": "ناوچەی نەورۆڵی دەشت",
        "name:ar": "منطقة نورولي دشت",
        "name:ckb": "ناوچەی نەورۆڵی دەشت",
        "name:en": "nawroli dasht reagion",
        "place": "locality"
      },
      "geometry": {
        "type": "Point",
        "coordinates": [
          45.9884423,
          35.2628233
        ]
      },
      "id": "node/13738291115"
    },
    {
      "type": "Feature",
      "properties": {
        "@id": "node/13738299115",
        "name": "ناوچەی نەورۆڵی پارچە",
        "name:ar": "منطقة نورولي بارجة",
        "name:ckb": "ناوچەی نەورۆڵی پارچە",
        "name:en": "nawroli parcha reagion",
        "place": "locality"
      },
      "geometry": {
        "type": "Point",
        "coordinates": [
          45.9211799,
          35.1495825
        ]
      },
      "id": "node/13738299115"
    },
    {
      "type": "Feature",
      "properties": {
        "@id": "node/13808129233",
        "name": "چەمەگەری",
        "place": "village"
      },
      "geometry": {
        "type": "Point",
        "coordinates": [
          46.0965156,
          35.1476903
        ]
      },
      "id": "node/13808129233"
    }
  ]
}